time_s,pos_x,pos_y,pos_z,euler_x,euler_y,euler_z,joint_x,joint_y,joint_z,gimbal_x,gimbal_y,gimbal_z,cumulative_dist_m
0.0000,-0.550920,2.198278,-0.674094,0.00,0.00,0.00,-1.44,15.71,-17.42,-0.58,45.68,24.91,0.000000
0.0106,-0.550920,2.198278,-0.674094,0.00,0.00,0.00,-1.44,15.71,-17.42,-0.58,45.68,24.91,0.000000
0.0280,-0.550704,2.198279,-0.674128,0.00,0.00,0.00,-1.41,15.71,-17.42,-0.43,45.68,24.91,0.000218
0.0441,-0.550704,2.198279,-0.674128,0.00,0.00,0.00,-1.41,15.71,-17.42,-0.29,45.61,24.91,0.000218
0.0605,-0.550489,2.198279,-0.674161,0.00,0.00,0.00,-1.39,15.71,-17.42,-0.21,45.61,24.91,0.000436
0.0782,-0.550489,2.198279,-0.674161,0.00,0.00,0.00,-1.39,15.71,-17.42,-0.21,45.61,24.91,0.000436
0.0950,-0.550489,2.198279,-0.674161,0.00,0.00,0.00,-1.39,15.71,-17.42,-0.29,45.68,24.84,0.000436
0.1095,-0.550489,2.198279,-0.674161,0.00,0.00,0.00,-1.39,15.71,-17.42,-0.29,45.68,24.84,0.000436
0.1254,-0.550489,2.198279,-0.674161,0.00,0.00,0.00,-1.39,15.71,-17.42,-0.51,45.68,24.91,0.000436
0.1449,-0.550489,2.198279,-0.674161,0.00,0.00,0.00,-1.39,15.71,-17.42,-0.58,45.61,24.91,0.000436
0.1594,-0.550489,2.198279,-0.674161,0.00,0.00,0.00,-1.39,15.71,-17.42,-0.73,45.53,24.84,0.000436
0.1764,-0.550489,2.198279,-0.674161,0.00,0.00,0.00,-1.39,15.71,-17.42,-0.80,45.68,24.91,0.000436
0.1920,-0.550489,2.198279,-0.674161,0.00,0.00,0.00,-1.39,15.71,-17.42,-0.87,45.61,24.91,0.000436
0.2106,-0.550489,2.198279,-0.674161,0.00,0.00,0.00,-1.39,15.71,-17.42,-0.87,45.61,24.91,0.000436
0.2256,-0.550489,2.198279,-0.674161,0.00,0.00,0.00,-1.39,15.71,-17.42,-1.02,45.53,24.84,0.000436
0.2416,-0.550489,2.198279,-0.674161,0.00,0.00,0.00,-1.39,15.71,-17.42,-0.95,45.61,24.91,0.000436
0.2596,-0.550489,2.198279,-0.674161,0.00,0.00,0.00,-1.39,15.71,-17.42,-0.95,45.68,24.91,0.000436
0.2755,-0.550489,2.198279,-0.674161,0.00,0.00,0.00,-1.39,15.71,-17.42,-0.87,45.61,24.84,0.000436
0.2936,-0.550489,2.198279,-0.674161,0.00,0.00,0.00,-1.39,15.71,-17.42,-0.80,45.61,24.91,0.000436
0.3094,-0.550489,2.198279,-0.674161,0.00,0.00,0.00,-1.39,15.71,-17.42,-0.80,45.61,24.91,0.000436
0.3264,-0.550489,2.198279,-0.674161,0.00,0.00,0.00,-1.39,15.71,-17.42,-0.73,45.68,24.91,0.000436
0.3446,-0.550290,2.198587,-0.674303,0.00,0.00,0.00,-1.37,15.73,-17.42,-0.65,45.68,24.91,0.000829
0.3604,-0.550339,2.198663,-0.674616,0.00,0.00,0.00,-1.37,15.73,-17.44,-0.65,45.61,24.91,0.001155
0.3763,-0.550339,2.198663,-0.674616,0.00,0.00,0.00,-1.37,15.73,-17.44,-0.58,45.75,24.91,0.001155
0.3924,-0.550339,2.198663,-0.674616,0.00,0.00,0.00,-1.37,15.73,-17.44,-0.65,45.61,24.84,0.001155
0.4087,-0.550339,2.198663,-0.674616,0.00,0.00,0.00,-1.37,15.73,-17.44,-0.65,45.61,24.84,0.001155
0.4251,-0.550339,2.198663,-0.674616,0.00,0.00,0.00,-1.37,15.73,-17.44,-0.58,45.61,24.91,0.001155
0.4417,-0.550124,2.198663,-0.674650,0.00,0.00,0.00,-1.34,15.73,-17.44,-0.58,45.68,24.91,0.001373
0.4592,-0.550124,2.198663,-0.674650,0.00,0.00,0.00,-1.34,15.73,-17.44,-0.51,45.61,24.91,0.001373
0.4771,-0.550124,2.198663,-0.674650,0.00,0.00,0.00,-1.34,15.73,-17.44,-0.51,45.61,24.91,0.001373
0.4950,-0.549926,2.198971,-0.674792,0.00,0.00,0.00,-1.32,15.76,-17.44,-0.51,45.61,24.91,0.001766
0.5084,-0.549926,2.198971,-0.674792,0.00,0.00,0.00,-1.32,15.76,-17.44,-0.51,45.61,24.91,0.001766
0.5280,-0.549992,2.199355,-0.675214,0.00,0.00,0.00,-1.32,15.78,-17.46,-0.51,45.61,24.91,0.002340
0.5428,-0.550059,2.199739,-0.675635,0.00,0.00,0.00,-1.32,15.80,-17.49,-0.51,45.61,24.91,0.002914
0.5587,-0.549728,2.199893,-0.676329,0.00,0.00,0.00,-1.27,15.80,-17.53,-0.51,45.61,24.91,0.003698
0.5756,-0.549661,2.200124,-0.677301,0.00,0.00,0.00,-1.25,15.80,-17.60,-0.58,45.68,24.91,0.004700
0.5929,-0.549546,2.200279,-0.677961,0.00,0.00,0.00,-1.23,15.80,-17.65,-0.73,45.61,24.84,0.005387
0.6097,-0.549546,2.200279,-0.677961,0.00,0.00,0.00,-1.23,15.80,-17.65,-0.73,45.61,24.84,0.005387
0.6264,-0.549596,2.200356,-0.678274,0.00,0.00,0.00,-1.23,15.80,-17.67,-0.73,45.68,24.91,0.005713
0.6425,-0.549499,2.200819,-0.679042,0.00,0.00,0.00,-1.20,15.83,-17.72,-0.87,45.68,24.91,0.006615
0.6597,-0.549121,2.200898,-0.679422,0.00,0.00,0.00,-1.15,15.83,-17.74,-0.80,45.61,24.91,0.007157
0.6775,-0.549076,2.201439,-0.680503,0.00,0.00,0.00,-1.13,15.85,-17.81,-0.80,45.61,24.91,0.008367
0.6918,-0.548851,2.201754,-0.681821,0.00,0.00,0.00,-1.08,15.85,-17.91,-0.80,45.68,24.91,0.009740
0.7112,-0.548851,2.201754,-0.681821,0.00,0.00,0.00,-1.08,15.85,-17.91,-0.80,45.68,24.91,0.009740
0.7256,-0.548807,2.202299,-0.682901,0.00,0.00,0.00,-1.06,15.87,-17.98,-0.87,45.61,24.84,0.010951
0.7432,-0.548470,2.202993,-0.683500,0.00,0.00,0.00,-1.01,15.92,-18.00,-0.80,45.61,24.91,0.011928
0.7591,-0.548607,2.203766,-0.684343,0.00,0.00,0.00,-1.01,15.97,-18.05,-0.80,45.68,24.91,0.013080
0.7758,-0.548745,2.204539,-0.685187,0.00,0.00,0.00,-1.01,16.01,-18.09,-0.87,45.61,24.91,0.014233
0.7922,-0.548672,2.205313,-0.686065,0.00,0.00,0.00,-0.99,16.06,-18.14,-0.87,45.61,24.91,0.015405
0.8113,-0.548741,2.205700,-0.686486,0.00,0.00,0.00,-0.99,16.08,-18.16,-0.87,45.61,24.91,0.015982
0.8257,-0.548741,2.205700,-0.686486,0.00,0.00,0.00,-0.99,16.08,-18.16,-0.87,45.61,24.91,0.015982
0.8422,-0.548599,2.206087,-0.686943,0.00,0.00,0.00,-0.97,16.11,-18.19,-0.95,45.61,24.84,0.016597
0.8602,-0.548542,2.206329,-0.687913,0.00,0.00,0.00,-0.94,16.11,-18.26,-1.02,45.61,24.84,0.017598
0.8750,-0.548644,2.206491,-0.688536,0.00,0.00,0.00,-0.94,16.11,-18.30,-1.17,45.68,24.91,0.018250
0.8921,-0.548536,2.206654,-0.689194,0.00,0.00,0.00,-0.92,16.11,-18.35,-1.39,45.61,24.84,0.018936
0.9083,-0.548536,2.206654,-0.689194,0.00,0.00,0.00,-0.92,16.11,-18.35,-1.39,45.61,24.84,0.018936
0.9259,-0.548587,2.206735,-0.689505,0.00,0.00,0.00,-0.92,16.11,-18.37,-1.53,45.61,24.84,0.019262
0.9418,-0.548638,2.206816,-0.689817,0.00,0.00,0.00,-0.92,16.11,-18.40,-1.61,45.68,24.91,0.019588
0.9590,-0.548758,2.207286,-0.690550,0.00,0.00,0.00,-0.92,16.13,-18.44,-1.61,45.61,24.91,0.020468
0.9754,-0.548777,2.207593,-0.690661,0.00,0.00,0.00,-0.92,16.15,-18.44,-1.68,45.61,24.84,0.020794
0.9929,-0.548828,2.207675,-0.690972,0.00,0.00,0.00,-0.92,16.15,-18.47,-1.68,45.61,24.91,0.021120
1.0097,-0.548828,2.207675,-0.690972,0.00,0.00,0.00,-0.92,16.15,-18.47,-1.68,45.61,24.91,0.021120
1.0273,-0.548637,2.207982,-0.691117,0.00,0.00,0.00,-0.90,16.18,-18.47,-1.75,45.61,24.91,0.021509
1.0416,-0.548637,2.207982,-0.691117,0.00,0.00,0.00,-0.90,16.18,-18.47,-1.82,45.61,24.91,0.021509
1.0589,-0.548688,2.208064,-0.691428,0.00,0.00,0.00,-0.90,16.18,-18.49,-1.90,45.61,24.84,0.021835
1.0766,-0.548688,2.208064,-0.691428,0.00,0.00,0.00,-0.90,16.18,-18.49,-1.90,45.61,24.91,0.021835
1.0918,-0.548688,2.208064,-0.691428,0.00,0.00,0.00,-0.90,16.18,-18.49,-1.75,45.61,24.91,0.021835
1.1093,-0.548688,2.208064,-0.691428,0.00,0.00,0.00,-0.90,16.18,-18.49,-1.75,45.61,24.91,0.021835
1.1266,-0.548688,2.208064,-0.691428,0.00,0.00,0.00,-0.90,16.18,-18.49,-1.53,45.61,24.91,0.021835
1.1438,-0.548688,2.208064,-0.691428,0.00,0.00,0.00,-0.90,16.18,-18.49,-1.31,45.61,24.91,0.021835
1.1595,-0.548688,2.208064,-0.691428,0.00,0.00,0.00,-0.90,16.18,-18.49,-1.17,45.61,24.91,0.021835
1.1771,-0.548670,2.207757,-0.691318,0.00,0.00,0.00,-0.90,16.15,-18.49,-1.02,45.68,24.91,0.022162
1.1931,-0.548670,2.207757,-0.691318,0.00,0.00,0.00,-0.90,16.15,-18.49,-1.02,45.68,24.91,0.022162
1.2091,-0.548670,2.207757,-0.691318,0.00,0.00,0.00,-0.90,16.15,-18.49,-1.02,45.68,24.91,0.022162
1.2261,-0.548652,2.207450,-0.691207,0.00,0.00,0.00,-0.90,16.13,-18.49,-0.95,45.68,24.91,0.022488
1.2434,-0.548652,2.207450,-0.691207,0.00,0.00,0.00,-0.90,16.13,-18.49,-1.02,45.61,24.84,0.022488
1.2592,-0.548652,2.207450,-0.691207,0.00,0.00,0.00,-0.90,16.13,-18.49,-1.09,45.68,24.91,0.022488
1.2769,-0.548652,2.207450,-0.691207,0.00,0.00,0.00,-0.90,16.13,-18.49,-1.17,45.68,24.91,0.022488
1.2916,-0.548633,2.207144,-0.691097,0.00,0.00,0.00,-0.90,16.11,-18.49,-1.24,45.61,24.84,0.022814
1.3086,-0.548633,2.207144,-0.691097,0.00,0.00,0.00,-0.90,16.11,-18.49,-1.24,45.61,24.84,0.022814
1.3258,-0.548633,2.207144,-0.691097,0.00,0.00,0.00,-0.90,16.11,-18.49,-1.31,45.68,24.84,0.022814
1.3428,-0.548633,2.207144,-0.691097,0.00,0.00,0.00,-0.90,16.11,-18.49,-1.39,45.61,24.84,0.022814
1.3601,-0.548633,2.207144,-0.691097,0.00,0.00,0.00,-0.90,16.11,-18.49,-1.46,45.61,24.84,0.022814
1.3754,-0.548633,2.207144,-0.691097,0.00,0.00,0.00,-0.90,16.11,-18.49,-1.39,45.68,24.91,0.022814
1.3930,-0.548633,2.207144,-0.691097,0.00,0.00,0.00,-0.90,16.11,-18.49,-1.46,45.61,24.91,0.022814
1.4092,-0.548633,2.207144,-0.691097,0.00,0.00,0.00,-0.90,16.11,-18.49,-1.46,45.61,24.91,0.022814
1.4273,-0.548633,2.207144,-0.691097,0.00,0.00,0.00,-0.90,16.11,-18.49,-1.46,45.61,24.84,0.022814
1.4424,-0.548633,2.207144,-0.691097,0.00,0.00,0.00,-0.90,16.11,-18.49,-1.53,45.61,24.84,0.022814
1.4607,-0.548633,2.207144,-0.691097,0.00,0.00,0.00,-0.90,16.11,-18.49,-1.53,45.61,24.91,0.022814
1.4758,-0.548633,2.207144,-0.691097,0.00,0.00,0.00,-0.90,16.11,-18.49,-1.61,45.61,24.91,0.022814
1.4923,-0.548614,2.206837,-0.690987,0.00,0.00,0.00,-0.90,16.08,-18.49,-1.53,45.61,24.91,0.023141
1.5100,-0.548614,2.206837,-0.690987,0.00,0.00,0.00,-0.90,16.08,-18.49,-1.53,45.61,24.91,0.023141
1.5257,-0.548614,2.206837,-0.690987,0.00,0.00,0.00,-0.90,16.08,-18.49,-1.53,45.68,24.91,0.023141
1.5430,-0.548614,2.206837,-0.690987,0.00,0.00,0.00,-0.90,16.08,-18.49,-1.61,45.61,24.84,0.023141
1.5584,-0.548614,2.206837,-0.690987,0.00,0.00,0.00,-0.90,16.08,-18.49,-1.61,45.61,24.91,0.023141
1.5750,-0.548614,2.206837,-0.690987,0.00,0.00,0.00,-0.90,16.08,-18.49,-1.46,45.68,24.84,0.023141
1.5933,-0.548614,2.206837,-0.690987,0.00,0.00,0.00,-0.90,16.08,-18.49,-1.39,45.68,24.91,0.023141
1.6084,-0.548614,2.206837,-0.690987,0.00,0.00,0.00,-0.90,16.08,-18.49,-1.39,45.68,24.91,0.023141
1.6254,-0.548614,2.206837,-0.690987,0.00,0.00,0.00,-0.90,16.08,-18.49,-1.31,45.61,24.91,0.023141
1.6420,-0.548614,2.206837,-0.690987,0.00,0.00,0.00,-0.90,16.08,-18.49,-1.24,45.68,24.84,0.023141
1.6598,-0.548614,2.206837,-0.690987,0.00,0.00,0.00,-0.90,16.08,-18.49,-1.09,45.68,24.84,0.023141
1.6752,-0.548614,2.206837,-0.690987,0.00,0.00,0.00,-0.90,16.08,-18.49,-1.09,45.61,24.84,0.023141
1.6917,-0.548614,2.206837,-0.690987,0.00,0.00,0.00,-0.90,16.08,-18.49,-1.02,45.61,24.91,0.023141
1.7101,-0.548614,2.206837,-0.690987,0.00,0.00,0.00,-0.90,16.08,-18.49,-1.02,45.61,24.91,0.023141
1.7269,-0.548824,2.206837,-0.690952,0.00,0.00,0.00,-0.92,16.08,-18.49,-1.02,45.53,24.84,0.023353
1.7440,-0.548824,2.206837,-0.690952,0.00,0.00,0.00,-0.92,16.08,-18.49,-1.02,45.61,24.84,0.023353
1.7593,-0.548824,2.206837,-0.690952,0.00,0.00,0.00,-0.92,16.08,-18.49,-1.02,45.61,24.91,0.023353
1.7761,-0.548824,2.206837,-0.690952,0.00,0.00,0.00,-0.92,16.08,-18.49,-1.02,45.61,24.91,0.023353
1.7922,-0.548805,2.206530,-0.690842,0.00,0.00,0.00,-0.92,16.06,-18.49,-1.02,45.61,24.84,0.023680
1.8085,-0.548805,2.206530,-0.690842,0.00,0.00,0.00,-0.92,16.06,-18.49,-1.02,45.61,24.84,0.023680
1.8267,-0.548805,2.206530,-0.690842,0.00,0.00,0.00,-0.92,16.06,-18.49,-1.02,45.61,24.84,0.023680
1.8435,-0.548805,2.206530,-0.690842,0.00,0.00,0.00,-0.92,16.06,-18.49,-1.02,45.61,24.84,0.023680
1.8600,-0.548805,2.206530,-0.690842,0.00,0.00,0.00,-0.92,16.06,-18.49,-1.09,45.53,24.84,0.023680
1.8768,-0.548805,2.206530,-0.690842,0.00,0.00,0.00,-0.92,16.06,-18.49,-1.09,45.61,24.84,0.023680
1.8925,-0.548805,2.206530,-0.690842,0.00,0.00,0.00,-0.92,16.06,-18.49,-1.17,45.68,24.91,0.023680
1.9096,-0.548805,2.206530,-0.690842,0.00,0.00,0.00,-0.92,16.06,-18.49,-1.17,45.68,24.91,0.023680
1.9258,-0.548805,2.206530,-0.690842,0.00,0.00,0.00,-0.92,16.06,-18.49,-1.17,45.61,24.84,0.023680
1.9428,-0.548805,2.206530,-0.690842,0.00,0.00,0.00,-0.92,16.06,-18.49,-1.09,45.61,24.91,0.023680
1.9584,-0.548805,2.206530,-0.690842,0.00,0.00,0.00,-0.92,16.06,-18.49,-1.17,45.61,24.91,0.023680
1.9758,-0.548805,2.206530,-0.690842,0.00,0.00,0.00,-0.92,16.06,-18.49,-1.17,45.68,24.91,0.023680
1.9924,-0.548805,2.206530,-0.690842,0.00,0.00,0.00,-0.92,16.06,-18.49,-1.24,45.61,24.91,0.023680
2.0099,-0.548805,2.206530,-0.690842,0.00,0.00,0.00,-0.92,16.06,-18.49,-1.24,45.61,24.91,0.023680
2.0274,-0.548805,2.206530,-0.690842,0.00,0.00,0.00,-0.92,16.06,-18.49,-1.31,45.61,24.91,0.023680
2.0422,-0.548805,2.206530,-0.690842,0.00,0.00,0.00,-0.92,16.06,-18.49,-1.31,45.61,24.84,0.023680
2.0591,-0.548805,2.206530,-0.690842,0.00,0.00,0.00,-0.92,16.06,-18.49,-1.39,45.53,24.91,0.023680
2.0760,-0.548805,2.206530,-0.690842,0.00,0.00,0.00,-0.92,16.06,-18.49,-1.39,45.61,24.91,0.023680
2.0923,-0.548805,2.206530,-0.690842,0.00,0.00,0.00,-0.92,16.06,-18.49,-1.39,45.61,24.84,0.023680
2.1157,-0.548805,2.206530,-0.690842,0.00,0.00,0.00,-0.92,16.06,-18.49,-1.46,45.68,24.91,0.023680
2.1255,-0.548805,2.206530,-0.690842,0.00,0.00,0.00,-0.92,16.06,-18.49,-1.46,45.68,24.91,0.023680
2.1426,-0.548805,2.206530,-0.690842,0.00,0.00,0.00,-0.92,16.06,-18.49,-1.46,45.61,24.84,0.023680
2.1589,-0.548805,2.206530,-0.690842,0.00,0.00,0.00,-0.92,16.06,-18.49,-1.46,45.61,24.84,0.023680
2.1762,-0.548805,2.206530,-0.690842,0.00,0.00,0.00,-0.92,16.06,-18.49,-1.53,45.61,24.91,0.023680
2.1916,-0.548805,2.206530,-0.690842,0.00,0.00,0.00,-0.92,16.06,-18.49,-1.46,45.61,24.91,0.023680
2.2094,-0.548805,2.206530,-0.690842,0.00,0.00,0.00,-0.92,16.06,-18.49,-1.46,45.61,24.91,0.023680
2.2275,-0.548805,2.206530,-0.690842,0.00,0.00,0.00,-0.92,16.06,-18.49,-1.53,45.68,24.84,0.023680
2.2435,-0.548805,2.206530,-0.690842,0.00,0.00,0.00,-0.92,16.06,-18.49,-1.53,45.61,24.84,0.023680
2.2589,-0.548805,2.206530,-0.690842,0.00,0.00,0.00,-0.92,16.06,-18.49,-1.46,45.68,24.91,0.023680
2.2758,-0.548805,2.206530,-0.690842,0.00,0.00,0.00,-0.92,16.06,-18.49,-1.53,45.68,24.91,0.023680
2.2923,-0.548805,2.206530,-0.690842,0.00,0.00,0.00,-0.92,16.06,-18.49,-1.53,45.61,24.84,0.023680
2.3084,-0.548805,2.206530,-0.690842,0.00,0.00,0.00,-0.92,16.06,-18.49,-1.53,45.61,24.84,0.023680
2.3278,-0.548805,2.206530,-0.690842,0.00,0.00,0.00,-0.92,16.06,-18.49,-1.53,45.61,24.91,0.023680
2.3424,-0.548805,2.206530,-0.690842,0.00,0.00,0.00,-0.92,16.06,-18.49,-1.46,45.61,24.91,0.023680
2.3604,-0.548805,2.206530,-0.690842,0.00,0.00,0.00,-0.92,16.06,-18.49,-1.46,45.68,24.84,0.023680
2.3767,-0.548805,2.206530,-0.690842,0.00,0.00,0.00,-0.92,16.06,-18.49,-1.39,45.61,24.91,0.023680
2.3943,-0.548805,2.206530,-0.690842,0.00,0.00,0.00,-0.92,16.06,-18.49,-1.24,45.68,24.91,0.023680
2.4099,-0.548805,2.206530,-0.690842,0.00,0.00,0.00,-0.92,16.06,-18.49,-1.24,45.68,24.91,0.023680
2.4271,-0.548805,2.206530,-0.690842,0.00,0.00,0.00,-0.92,16.06,-18.49,-1.24,45.61,24.84,0.023680
2.4423,-0.548805,2.206530,-0.690842,0.00,0.00,0.00,-0.92,16.06,-18.49,-1.17,45.61,24.91,0.023680
2.4602,-0.548805,2.206530,-0.690842,0.00,0.00,0.00,-0.92,16.06,-18.49,-1.09,45.61,24.76,0.023680
2.4763,-0.548805,2.206530,-0.690842,0.00,0.00,0.00,-0.92,16.06,-18.49,-1.09,45.61,24.84,0.023680
2.4937,-0.548805,2.206530,-0.690842,0.00,0.00,0.00,-0.92,16.06,-18.49,-1.24,45.61,24.84,0.023680
2.5101,-0.548805,2.206530,-0.690842,0.00,0.00,0.00,-0.92,16.06,-18.49,-1.24,45.61,24.84,0.023680
2.5251,-0.548805,2.206530,-0.690842,0.00,0.00,0.00,-0.92,16.06,-18.49,-1.17,45.68,24.91,0.023680
2.5425,-0.548805,2.206530,-0.690842,0.00,0.00,0.00,-0.92,16.06,-18.49,-1.24,45.68,24.84,0.023680
2.5595,-0.548805,2.206530,-0.690842,0.00,0.00,0.00,-0.92,16.06,-18.49,-1.31,45.68,24.84,0.023680
2.5762,-0.548805,2.206530,-0.690842,0.00,0.00,0.00,-0.92,16.06,-18.49,-1.24,45.61,24.84,0.023680
2.5918,-0.548740,2.206979,-0.690440,0.00,0.00,0.00,-0.92,16.11,-18.44,-1.24,45.61,24.91,0.024286
2.6087,-0.548740,2.206979,-0.690440,0.00,0.00,0.00,-0.92,16.11,-18.44,-1.24,45.61,24.91,0.024286
2.6281,-0.549043,2.207348,-0.689658,0.00,0.00,0.00,-0.97,16.15,-18.37,-1.24,45.61,24.84,0.025203
2.6418,-0.549333,2.208249,-0.688786,0.00,0.00,0.00,-1.01,16.25,-18.28,-1.31,45.61,24.91,0.026489
2.6598,-0.549135,2.208766,-0.687560,0.00,0.00,0.00,-1.01,16.32,-18.16,-1.31,45.61,24.91,0.027834
2.6765,-0.548873,2.209738,-0.685934,0.00,0.00,0.00,-1.01,16.43,-18.00,-1.31,45.61,24.84,0.029746
2.6931,-0.548580,2.210943,-0.684111,0.00,0.00,0.00,-1.01,16.58,-17.81,-1.31,45.61,24.84,0.031952
2.7099,-0.548580,2.210943,-0.684111,0.00,0.00,0.00,-1.01,16.58,-17.81,-1.31,45.61,24.84,0.031952
2.7263,-0.548286,2.212154,-0.682289,0.00,0.00,0.00,-1.01,16.72,-17.63,-1.31,45.61,24.84,0.034159
2.7429,-0.548363,2.214670,-0.680035,0.00,0.00,0.00,-1.06,16.97,-17.37,-1.31,45.61,24.84,0.037538
2.7592,-0.548410,2.218798,-0.677552,0.00,0.00,0.00,-1.11,17.37,-17.04,-1.31,45.61,24.84,0.042356
2.7753,-0.547952,2.223098,-0.674657,0.00,0.00,0.00,-1.11,17.79,-16.67,-1.31,45.61,24.91,0.047559
2.7917,-0.547520,2.227717,-0.671916,0.00,0.00,0.00,-1.11,18.24,-16.30,-1.46,45.61,24.91,0.052948
2.8101,-0.547520,2.227717,-0.671916,0.00,0.00,0.00,-1.11,18.24,-16.30,-1.46,45.61,24.91,0.052948
2.8260,-0.546932,2.234055,-0.668192,0.00,0.00,0.00,-1.11,18.84,-15.78,-1.53,45.53,24.84,0.060322
2.8424,-0.546386,2.240186,-0.664724,0.00,0.00,0.00,-1.11,19.43,-15.29,-1.61,45.61,24.84,0.067387
2.8585,-0.545748,2.246218,-0.660689,0.00,0.00,0.00,-1.11,20.01,-14.76,-1.75,45.61,24.84,0.074673
2.8750,-0.545069,2.250322,-0.656415,0.00,0.00,0.00,-1.11,20.43,-14.27,-1.75,45.61,24.84,0.080636
2.8924,-0.544542,2.254651,-0.651635,0.00,0.00,0.00,-1.13,20.88,-13.73,-1.90,45.61,24.84,0.087106
2.9103,-0.544542,2.254651,-0.651635,0.00,0.00,0.00,-1.13,20.88,-13.73,-1.90,45.61,24.84,0.087106
2.9264,-0.543878,2.258333,-0.645976,0.00,0.00,0.00,-1.15,21.27,-13.14,-1.97,45.68,24.84,0.093891
2.9424,-0.543905,2.263159,-0.640148,0.00,0.00,0.00,-1.25,21.77,-12.51,-2.04,45.68,24.84,0.101458
2.9590,-0.543950,2.269136,-0.634288,0.00,0.00,0.00,-1.34,22.35,-11.84,-2.12,45.68,24.91,0.109829
2.9763,-0.543688,2.275106,-0.627882,0.00,0.00,0.00,-1.41,22.93,-11.11,-2.12,45.53,24.84,0.118589
2.9931,-0.543161,2.281672,-0.621227,0.00,0.00,0.00,-1.46,23.57,-10.34,-2.04,45.61,24.84,0.127952
3.0098,-0.543161,2.281672,-0.621227,0.00,0.00,0.00,-1.46,23.57,-10.34,-2.04,45.61,24.84,0.127952
3.0276,-0.542758,2.287313,-0.615314,0.00,0.00,0.00,-1.51,24.10,-9.67,-1.97,45.61,24.84,0.136135
3.0460,-0.542346,2.295329,-0.607595,0.00,0.00,0.00,-1.58,24.85,-8.76,-1.97,45.61,24.91,0.147270
3.0588,-0.541690,2.302219,-0.601508,0.00,0.00,0.00,-1.60,25.48,-8.01,-2.04,45.61,24.91,0.156488
3.0753,-0.540606,2.309670,-0.594247,0.00,0.00,0.00,-1.60,26.16,-7.14,-2.12,45.61,24.84,0.166948
3.0928,-0.539482,2.316137,-0.586734,0.00,0.00,0.00,-1.60,26.74,-6.30,-2.34,45.61,24.84,0.176924
3.1090,-0.539482,2.316137,-0.586734,0.00,0.00,0.00,-1.60,26.74,-6.30,-2.34,45.61,24.84,0.176924
3.1256,-0.538740,2.321382,-0.580022,0.00,0.00,0.00,-1.63,27.21,-5.58,-2.41,45.61,24.84,0.185475
3.1423,-0.538088,2.328360,-0.572070,0.00,0.00,0.00,-1.67,27.82,-4.69,-2.41,45.61,24.91,0.196074
3.1586,-0.537662,2.333549,-0.565565,0.00,0.00,0.00,-1.72,28.26,-3.99,-2.41,45.61,24.91,0.204407
3.1768,-0.536783,2.340234,-0.557751,0.00,0.00,0.00,-1.74,28.83,-3.13,-2.41,45.61,24.91,0.214727
3.1921,-0.536071,2.346806,-0.549141,0.00,0.00,0.00,-1.79,29.36,-2.22,-2.41,45.61,24.84,0.225582
3.2088,-0.536071,2.346806,-0.549141,0.00,0.00,0.00,-1.79,29.36,-2.22,-2.41,45.61,24.84,0.225582
3.2252,-0.535141,2.352411,-0.540883,0.00,0.00,0.00,-1.81,29.81,-1.38,-2.34,45.61,24.84,0.235606
3.2432,-0.534477,2.357892,-0.532449,0.00,0.00,0.00,-1.86,30.23,-0.54,-2.41,45.61,24.84,0.245686
3.2583,-0.534472,2.363763,-0.524482,0.00,0.00,0.00,-1.96,30.67,0.28,-2.26,45.61,24.84,0.255583
3.2765,-0.534935,2.369854,-0.515517,0.00,0.00,0.00,-2.10,31.12,1.17,-2.19,45.61,24.91,0.266431
3.2917,-0.535144,2.376408,-0.506514,0.00,0.00,0.00,-2.21,31.58,2.08,-2.34,45.61,24.84,0.277569
3.3100,-0.535144,2.376408,-0.506514,0.00,0.00,0.00,-2.21,31.58,2.08,-2.34,45.61,24.84,0.277569
3.3263,-0.535142,2.382526,-0.497873,0.00,0.00,0.00,-2.31,32.00,2.94,-2.48,45.68,24.84,0.288157
3.3419,-0.534986,2.389283,-0.487879,0.00,0.00,0.00,-2.40,32.45,3.92,-2.70,45.61,24.84,0.300222
3.3591,-0.534751,2.395162,-0.479328,0.00,0.00,0.00,-2.47,32.82,4.76,-2.92,45.61,24.91,0.310602
3.3767,-0.534718,2.402242,-0.469779,0.00,0.00,0.00,-2.57,33.27,5.72,-3.14,45.68,24.91,0.322489
3.3942,-0.534058,2.408265,-0.462376,0.00,0.00,0.00,-2.59,33.64,6.49,-3.22,45.68,24.91,0.332055
3.4097,-0.534058,2.408265,-0.462376,0.00,0.00,0.00,-2.59,33.64,6.49,-3.22,45.68,24.91,0.332055
3.4269,-0.533171,2.415368,-0.453205,0.00,0.00,0.00,-2.62,34.06,7.42,-3.44,45.61,24.84,0.343689
3.4422,-0.531862,2.422864,-0.443203,0.00,0.00,0.00,-2.62,34.48,8.43,-3.66,45.68,24.91,0.356257
3.4599,-0.531176,2.429136,-0.435466,0.00,0.00,0.00,-2.64,34.83,9.22,-3.73,45.61,24.91,0.366240
3.4767,-0.530423,2.436614,-0.427146,0.00,0.00,0.00,-2.66,35.25,10.11,-3.80,45.61,24.84,0.377452
3.4931,-0.529171,2.445260,-0.417485,0.00,0.00,0.00,-2.66,35.72,11.14,-3.95,45.61,24.91,0.390477
3.5097,-0.529171,2.445260,-0.417485,0.00,0.00,0.00,-2.66,35.72,11.14,-3.95,45.61,24.91,0.390477
3.5256,-0.528148,2.452402,-0.409585,0.00,0.00,0.00,-2.66,36.10,11.98,-3.95,45.61,24.91,0.401176
3.5424,-0.527306,2.460064,-0.400475,0.00,0.00,0.00,-2.69,36.47,12.91,-4.10,45.68,24.91,0.413110
3.5594,-0.526372,2.466720,-0.393229,0.00,0.00,0.00,-2.69,36.80,13.68,-4.17,45.53,24.84,0.422993
3.5770,-0.525746,2.473599,-0.385694,0.00,0.00,0.00,-2.71,37.12,14.48,-4.17,45.61,24.91,0.433215
3.5919,-0.525065,2.481771,-0.377647,0.00,0.00,0.00,-2.73,37.52,15.36,-4.24,45.68,24.84,0.444704
3.6095,-0.525065,2.481771,-0.377647,0.00,0.00,0.00,-2.73,37.52,15.36,-4.24,45.68,24.84,0.444704
3.6249,-0.524144,2.489520,-0.370431,0.00,0.00,0.00,-2.73,37.90,16.18,-4.24,45.61,24.91,0.455332
3.6419,-0.523537,2.496555,-0.362900,0.00,0.00,0.00,-2.76,38.20,16.97,-4.39,45.61,24.84,0.465655
3.6593,-0.522620,2.503960,-0.355704,0.00,0.00,0.00,-2.76,38.55,17.79,-4.46,45.61,24.84,0.476022
3.6762,-0.522122,2.512333,-0.348898,0.00,0.00,0.00,-2.78,38.92,18.58,-4.61,45.61,24.84,0.486824
3.6940,-0.522079,2.520571,-0.342727,0.00,0.00,0.00,-2.83,39.32,19.35,-4.61,45.61,24.84,0.497116
3.7089,-0.522079,2.520571,-0.342727,0.00,0.00,0.00,-2.83,39.32,19.35,-4.61,45.61,24.84,0.497116
3.7250,-0.521605,2.528207,-0.336018,0.00,0.00,0.00,-2.85,39.65,20.13,-4.53,45.68,24.91,0.507292
3.7422,-0.521245,2.536290,-0.330128,0.00,0.00,0.00,-2.87,40.02,20.87,-4.68,45.53,24.84,0.517301
3.7597,-0.520333,2.545929,-0.322776,0.00,0.00,0.00,-2.87,40.44,21.78,-4.68,45.53,24.84,0.529457
3.7757,-0.520311,2.554148,-0.316499,0.00,0.00,0.00,-2.92,40.79,22.55,-4.61,45.61,24.84,0.539799
3.7920,-0.520155,2.563832,-0.309040,0.00,0.00,0.00,-2.97,41.19,23.46,-4.75,45.61,24.84,0.552024
3.8088,-0.520155,2.563832,-0.309040,0.00,0.00,0.00,-2.97,41.19,23.46,-4.75,45.61,24.84,0.552024
3.8260,-0.519807,2.571906,-0.303050,0.00,0.00,0.00,-2.99,41.52,24.21,-4.68,45.61,24.84,0.562083
3.8432,-0.519751,2.580551,-0.296244,0.00,0.00,0.00,-3.04,41.85,25.03,-4.75,45.61,24.91,0.573086
3.8597,-0.519863,2.588286,-0.290705,0.00,0.00,0.00,-3.09,42.15,25.73,-4.83,45.61,24.84,0.582601
3.8770,-0.519782,2.597881,-0.283477,0.00,0.00,0.00,-3.13,42.50,26.62,-4.90,45.61,24.91,0.594614
3.8919,-0.519880,2.604975,-0.277674,0.00,0.00,0.00,-3.18,42.74,27.29,-5.05,45.68,24.91,0.603779
3.9102,-0.519880,2.604975,-0.277674,0.00,0.00,0.00,-3.18,42.74,27.29,-5.05,45.68,24.91,0.603779
3.9253,-0.519182,2.611934,-0.271798,0.00,0.00,0.00,-3.18,42.95,27.97,-5.27,45.61,24.98,0.612914
3.9423,-0.519288,2.618182,-0.265962,0.00,0.00,0.00,-3.23,43.11,28.60,-5.49,45.61,25.06,0.621464
3.9589,-0.519809,2.624505,-0.260134,0.00,0.00,0.00,-3.30,43.27,29.23,-5.56,45.61,25.20,0.630079
3.9763,-0.520049,2.629960,-0.255249,0.00,0.00,0.00,-3.35,43.41,29.77,-5.78,45.53,25.28,0.637406
3.9920,-0.519877,2.634039,-0.250303,0.00,0.00,0.00,-3.37,43.46,30.23,-5.93,45.61,25.42,0.643819
4.0083,-0.519877,2.634039,-0.250303,0.00,0.00,0.00,-3.37,43.46,30.23,-5.93,45.61,25.42,0.643819
4.0272,-0.520116,2.638566,-0.245310,0.00,0.00,0.00,-3.42,43.53,30.73,-6.00,45.53,25.50,0.650562
4.0423,-0.519651,2.641765,-0.241295,0.00,0.00,0.00,-3.42,43.55,31.10,-6.07,45.61,25.64,0.655717
4.0583,-0.519564,2.645589,-0.236962,0.00,0.00,0.00,-3.44,43.60,31.52,-6.07,45.68,25.64,0.661497
4.0760,-0.519135,2.649068,-0.233228,0.00,0.00,0.00,-3.44,43.65,31.89,-6.29,45.61,25.64,0.666619
4.0924,-0.519089,2.652765,-0.229204,0.00,0.00,0.00,-3.46,43.69,32.29,-6.22,45.68,25.79,0.672083
4.1109,-0.519089,2.652765,-0.229204,0.00,0.00,0.00,-3.46,43.69,32.29,-6.22,45.68,25.79,0.672083
4.1273,-0.518607,2.656688,-0.224991,0.00,0.00,0.00,-3.46,43.74,32.71,-6.37,45.75,25.86,0.677860
4.1419,-0.518186,2.661501,-0.221265,0.00,0.00,0.00,-3.46,43.86,33.15,-6.37,45.61,25.86,0.683962
4.1591,-0.517769,2.667184,-0.217537,0.00,0.00,0.00,-3.46,44.02,33.64,-6.37,45.61,26.01,0.690771
4.1764,-0.517357,2.672909,-0.213848,0.00,0.00,0.00,-3.46,44.18,34.13,-6.51,45.68,26.01,0.697594
4.1929,-0.516950,2.679096,-0.210188,0.00,0.00,0.00,-3.46,44.37,34.65,-6.59,45.61,26.08,0.704794
4.2093,-0.516950,2.679096,-0.210188,0.00,0.00,0.00,-3.46,44.37,34.65,-6.59,45.61,26.08,0.704794
4.2256,-0.516606,2.684494,-0.207087,0.00,0.00,0.00,-3.46,44.54,35.09,-6.66,45.61,26.08,0.711029
4.2443,-0.516183,2.691817,-0.203249,0.00,0.00,0.00,-3.46,44.77,35.67,-6.73,45.61,26.08,0.719307
4.2584,-0.515882,2.698353,-0.200464,0.00,0.00,0.00,-3.46,45.00,36.16,-6.88,45.61,26.08,0.726418
4.2762,-0.515587,2.705349,-0.197724,0.00,0.00,0.00,-3.46,45.26,36.68,-7.10,45.61,26.23,0.733937
4.2923,-0.515351,2.711101,-0.195521,0.00,0.00,0.00,-3.46,45.49,37.12,-7.25,45.61,26.23,0.740101
4.3088,-0.515351,2.711101,-0.195521,0.00,0.00,0.00,-3.46,45.49,37.12,-7.25,45.61,26.23,0.740101
4.3257,-0.515152,2.717515,-0.193604,0.00,0.00,0.00,-3.46,45.73,37.54,-7.46,45.61,26.23,0.746799
4.3423,-0.515096,2.722866,-0.192935,0.00,0.00,0.00,-3.46,45.98,37.87,-7.54,45.68,26.30,0.752192
4.3598,-0.515125,2.727568,-0.193015,0.00,0.00,0.00,-3.46,46.24,38.13,-7.68,45.68,26.37,0.756895
4.3750,-0.515212,2.731832,-0.193596,0.00,0.00,0.00,-3.46,46.50,38.34,-7.83,45.61,26.30,0.761199
4.3918,-0.515301,2.736091,-0.194194,0.00,0.00,0.00,-3.46,46.76,38.55,-7.83,45.61,26.23,0.765500
4.4092,-0.515301,2.736091,-0.194194,0.00,0.00,0.00,-3.46,46.76,38.55,-7.83,45.61,26.23,0.765500
4.4265,-0.515484,2.740962,-0.195564,0.00,0.00,0.00,-3.46,47.08,38.76,-7.90,45.68,26.23,0.770564
4.4436,-0.515728,2.745803,-0.197448,0.00,0.00,0.00,-3.46,47.43,38.94,-7.98,45.61,26.15,0.775765
4.4594,-0.515998,2.749980,-0.199576,0.00,0.00,0.00,-3.46,47.76,39.08,-8.05,45.61,26.15,0.780460
4.4762,-0.516386,2.754097,-0.202707,0.00,0.00,0.00,-3.46,48.14,39.18,-8.12,45.61,26.15,0.785646
4.4925,-0.516813,2.758808,-0.206139,0.00,0.00,0.00,-3.46,48.56,39.29,-8.20,45.61,26.08,0.791491
4.5094,-0.516813,2.758808,-0.206139,0.00,0.00,0.00,-3.46,48.56,39.29,-8.20,45.61,26.08,0.791491
4.5276,-0.517207,2.762870,-0.209317,0.00,0.00,0.00,-3.46,48.93,39.39,-8.20,45.61,26.08,0.796663
4.5441,-0.518145,2.767267,-0.213482,0.00,0.00,0.00,-3.49,49.37,39.46,-8.27,45.61,26.01,0.802792
4.5602,-0.519079,2.771208,-0.217651,0.00,0.00,0.00,-3.51,49.80,39.50,-8.42,45.61,26.08,0.808605
4.5770,-0.519648,2.774669,-0.222366,0.00,0.00,0.00,-3.51,50.22,39.50,-8.34,45.61,26.01,0.814481
4.5918,-0.520193,2.778319,-0.226871,0.00,0.00,0.00,-3.51,50.64,39.53,-8.34,45.61,26.08,0.820305
4.6093,-0.520193,2.778319,-0.226871,0.00,0.00,0.00,-3.51,50.64,39.53,-8.34,45.61,26.08,0.820305
4.6259,-0.520774,2.782121,-0.231666,0.00,0.00,0.00,-3.51,51.08,39.55,-8.42,45.61,26.01,0.826452
4.6422,-0.521395,2.786478,-0.236787,0.00,0.00,0.00,-3.51,51.57,39.60,-8.49,45.61,26.01,0.833204
4.6586,-0.522423,2.790379,-0.241861,0.00,0.00,0.00,-3.53,52.04,39.62,-8.56,45.68,26.15,0.839686
4.6757,-0.523102,2.794193,-0.247517,0.00,0.00,0.00,-3.53,52.53,39.62,-8.56,45.68,26.08,0.846542
4.6918,-0.523661,2.797648,-0.252156,0.00,0.00,0.00,-3.53,52.95,39.64,-8.64,45.61,26.01,0.852353
4.7097,-0.523661,2.797648,-0.252156,0.00,0.00,0.00,-3.53,52.95,39.64,-8.64,45.61,26.01,0.852353
4.7268,-0.524347,2.801371,-0.257872,0.00,0.00,0.00,-3.53,53.44,39.64,-8.64,45.61,26.01,0.859208
4.7426,-0.525004,2.804870,-0.263345,0.00,0.00,0.00,-3.53,53.91,39.64,-8.64,45.68,25.94,0.865738
4.7587,-0.525531,2.807637,-0.267743,0.00,0.00,0.00,-3.53,54.28,39.64,-8.71,45.61,25.86,0.870961
4.7761,-0.526193,2.811056,-0.273267,0.00,0.00,0.00,-3.53,54.75,39.64,-8.71,45.68,25.86,0.877490
4.7920,-0.527120,2.813756,-0.277659,0.00,0.00,0.00,-3.56,55.13,39.64,-8.71,45.68,25.79,0.882729
4.8091,-0.527120,2.813756,-0.277659,0.00,0.00,0.00,-3.56,55.13,39.64,-8.71,45.68,25.79,0.882729
4.8266,-0.527652,2.816429,-0.282115,0.00,0.00,0.00,-3.56,55.50,39.64,-8.78,45.61,25.79,0.887952
4.8432,-0.529036,2.819397,-0.287058,0.00,0.00,0.00,-3.60,55.92,39.64,-8.71,45.68,25.72,0.893881
4.8588,-0.530348,2.822003,-0.291461,0.00,0.00,0.00,-3.65,56.29,39.64,-8.78,45.68,25.72,0.899164
4.8756,-0.532076,2.824739,-0.296121,0.00,0.00,0.00,-3.72,56.69,39.64,-8.71,45.61,25.72,0.904837
4.8937,-0.533755,2.826900,-0.300469,0.00,0.00,0.00,-3.79,57.04,39.62,-8.71,45.61,25.64,0.909975
4.9101,-0.533755,2.826900,-0.300469,0.00,0.00,0.00,-3.79,57.04,39.62,-8.71,45.61,25.64,0.909975
4.9273,-0.535360,2.828720,-0.304267,0.00,0.00,0.00,-3.86,57.35,39.60,-8.64,45.68,25.72,0.914481
4.9425,-0.536950,2.830141,-0.308027,0.00,0.00,0.00,-3.93,57.63,39.55,-8.64,45.53,25.64,0.918804
4.9600,-0.539309,2.832299,-0.311818,0.00,0.00,0.00,-4.05,57.95,39.55,-8.71,45.53,25.64,0.923763
4.9771,-0.541593,2.834128,-0.315053,0.00,0.00,0.00,-4.17,58.24,39.55,-8.71,45.68,25.79,0.928125
4.9942,-0.543067,2.835417,-0.318041,0.00,0.00,0.00,-4.24,58.47,39.53,-8.86,45.61,25.79,0.931697
5.0101,-0.543067,2.835417,-0.318041,0.00,0.00,0.00,-4.24,58.47,39.53,-8.86,45.61,25.79,0.931697
5.0292,-0.544580,2.836247,-0.321509,0.00,0.00,0.00,-4.31,58.70,39.46,-8.93,45.61,25.79,0.935571
5.0422,-0.546831,2.838031,-0.324779,0.00,0.00,0.00,-4.43,58.98,39.46,-8.93,45.61,25.94,0.939924
5.0603,-0.548620,2.838761,-0.327414,0.00,0.00,0.00,-4.52,59.17,39.41,-8.93,45.61,26.01,0.943191
5.0754,-0.550085,2.839780,-0.330674,0.00,0.00,0.00,-4.59,59.40,39.36,-9.00,45.61,26.08,0.946907
5.0924,-0.551161,2.840420,-0.333925,0.00,0.00,0.00,-4.64,59.61,39.29,-9.00,45.53,26.23,0.950391
5.1097,-0.551161,2.840420,-0.333925,0.00,0.00,0.00,-4.64,59.61,39.29,-9.00,45.53,26.23,0.950391
5.1264,-0.551782,2.840988,-0.336399,0.00,0.00,0.00,-4.66,59.78,39.25,-9.15,45.68,26.30,0.953004
5.1416,-0.553236,2.841022,-0.339808,0.00,0.00,0.00,-4.74,59.97,39.13,-9.30,45.61,26.30,0.956710
5.1590,-0.555001,2.841128,-0.342661,0.00,0.00,0.00,-4.83,60.13,39.04,-9.37,45.61,26.37,0.960067
5.1759,-0.556431,2.840788,-0.346032,0.00,0.00,0.00,-4.90,60.29,38.90,-9.30,45.68,26.45,0.963744
5.1925,-0.558559,2.840299,-0.349051,0.00,0.00,0.00,-5.02,60.43,38.76,-9.44,45.61,26.52,0.967470
5.2086,-0.558559,2.840299,-0.349051,0.00,0.00,0.00,-5.02,60.43,38.76,-9.44,45.61,26.52,0.967470
5.2267,-0.560694,2.839590,-0.352320,0.00,0.00,0.00,-5.14,60.57,38.59,-9.52,45.61,26.59,0.971438
5.2423,-0.563160,2.839098,-0.355328,0.00,0.00,0.00,-5.28,60.71,38.45,-9.59,45.68,26.67,0.975360
5.2591,-0.565975,2.838603,-0.358318,0.00,0.00,0.00,-5.44,60.85,38.31,-9.66,45.61,26.74,0.979496
5.2752,-0.569187,2.837450,-0.362018,0.00,0.00,0.00,-5.63,60.99,38.10,-9.74,45.61,26.89,0.984529
5.2930,-0.572368,2.835944,-0.365686,0.00,0.00,0.00,-5.82,61.11,37.87,-9.81,45.61,27.03,0.989612
5.3090,-0.572368,2.835944,-0.365686,0.00,0.00,0.00,-5.82,61.11,37.87,-9.81,45.61,27.03,0.989612
5.3263,-0.574741,2.835315,-0.368455,0.00,0.00,0.00,-5.96,61.23,37.73,-9.96,45.61,27.11,0.993313
5.3444,-0.577518,2.834741,-0.372045,0.00,0.00,0.00,-6.13,61.39,37.57,-10.10,45.61,27.18,0.997888
5.3589,-0.579888,2.834600,-0.375187,0.00,0.00,0.00,-6.27,61.55,37.45,-10.17,45.61,27.25,1.001826
5.3776,-0.582270,2.834939,-0.378688,0.00,0.00,0.00,-6.41,61.77,37.36,-10.17,45.61,27.33,1.006074
5.3918,-0.584212,2.835434,-0.381140,0.00,0.00,0.00,-6.53,61.93,37.31,-10.32,45.61,27.40,1.009241
5.4099,-0.584212,2.835434,-0.381140,0.00,0.00,0.00,-6.53,61.93,37.31,-10.32,45.61,27.40,1.009241
5.4263,-0.585839,2.835630,-0.384409,0.00,0.00,0.00,-6.62,62.12,37.22,-10.47,45.61,27.55,1.012898
5.4431,-0.587443,2.836034,-0.387440,0.00,0.00,0.00,-6.71,62.30,37.15,-10.69,45.68,27.62,1.016351
5.4595,-0.588705,2.836565,-0.390798,0.00,0.00,0.00,-6.79,62.51,37.08,-10.76,45.68,27.62,1.019978
5.4749,-0.589568,2.836487,-0.393533,0.00,0.00,0.00,-6.83,62.65,36.98,-10.91,45.68,27.55,1.022846
5.4927,-0.590137,2.835899,-0.397332,0.00,0.00,0.00,-6.86,62.82,36.82,-11.05,45.68,27.62,1.026732
5.5086,-0.590137,2.835899,-0.397332,0.00,0.00,0.00,-6.86,62.82,36.82,-11.05,45.68,27.62,1.026732
5.5263,-0.590357,2.835314,-0.401158,0.00,0.00,0.00,-6.86,62.98,36.66,-11.20,45.61,27.47,1.030609
5.5417,-0.590527,2.834683,-0.404143,0.00,0.00,0.00,-6.86,63.10,36.52,-11.20,45.61,27.47,1.033664
5.5597,-0.590723,2.834519,-0.407485,0.00,0.00,0.00,-6.86,63.26,36.40,-11.27,45.61,27.47,1.037016
5.5760,-0.590955,2.834602,-0.411432,0.00,0.00,0.00,-6.86,63.47,36.28,-11.35,45.61,27.47,1.040971
5.5927,-0.591120,2.834513,-0.414233,0.00,0.00,0.00,-6.86,63.61,36.19,-11.35,45.61,27.47,1.043778
5.6090,-0.591120,2.834513,-0.414233,0.00,0.00,0.00,-6.86,63.61,36.19,-11.35,45.61,27.47,1.043778
5.6254,-0.591297,2.834212,-0.417287,0.00,0.00,0.00,-6.86,63.75,36.07,-11.42,45.61,27.40,1.046852
5.6426,-0.591462,2.834118,-0.420095,0.00,0.00,0.00,-6.86,63.89,35.98,-11.35,45.61,27.25,1.049666
5.6598,-0.591949,2.834227,-0.422636,0.00,0.00,0.00,-6.88,64.03,35.91,-11.35,45.61,27.18,1.052256
5.6761,-0.592423,2.834541,-0.424930,0.00,0.00,0.00,-6.90,64.17,35.86,-11.35,45.68,27.18,1.054619
5.6923,-0.592541,2.834732,-0.426942,0.00,0.00,0.00,-6.90,64.29,35.81,-11.35,45.61,27.11,1.056644
5.7106,-0.592541,2.834732,-0.426942,0.00,0.00,0.00,-6.90,64.29,35.81,-11.35,45.61,27.11,1.056644
5.7270,-0.592679,2.834177,-0.429406,0.00,0.00,0.00,-6.90,64.38,35.70,-11.42,45.61,27.03,1.059174
5.7426,-0.592812,2.833294,-0.431822,0.00,0.00,0.00,-6.90,64.45,35.56,-11.35,45.68,27.11,1.061749
5.7591,-0.592934,2.831760,-0.434139,0.00,0.00,0.00,-6.90,64.48,35.37,-11.27,45.61,27.03,1.064530
5.7751,-0.593050,2.829908,-0.436411,0.00,0.00,0.00,-6.90,64.48,35.16,-11.20,45.61,26.96,1.067465
5.7928,-0.593206,2.827450,-0.439452,0.00,0.00,0.00,-6.90,64.48,34.88,-11.05,45.61,26.96,1.071377
5.8099,-0.593206,2.827450,-0.439452,0.00,0.00,0.00,-6.90,64.48,34.88,-11.05,45.61,26.96,1.071377
5.8264,-0.593350,2.825211,-0.442249,0.00,0.00,0.00,-6.90,64.48,34.62,-11.05,45.61,26.96,1.074963
5.8431,-0.593494,2.822984,-0.445056,0.00,0.00,0.00,-6.90,64.48,34.37,-10.98,45.61,26.89,1.078549
5.8603,-0.593626,2.820971,-0.447617,0.00,0.00,0.00,-6.90,64.48,34.13,-10.83,45.61,26.89,1.081810
5.8759,-0.593745,2.819167,-0.449929,0.00,0.00,0.00,-6.90,64.48,33.92,-10.83,45.68,26.89,1.084744
5.8920,-0.593837,2.817771,-0.451732,0.00,0.00,0.00,-6.90,64.48,33.76,-10.76,45.61,26.81,1.087026
5.9101,-0.593837,2.817771,-0.451732,0.00,0.00,0.00,-6.90,64.48,33.76,-10.76,45.61,26.81,1.087026
5.9269,-0.593918,2.816578,-0.453280,0.00,0.00,0.00,-6.90,64.48,33.62,-10.76,45.61,26.81,1.088982
5.9421,-0.593998,2.815388,-0.454831,0.00,0.00,0.00,-6.90,64.48,33.48,-10.69,45.61,26.81,1.090939
5.9594,-0.594056,2.814915,-0.455911,0.00,0.00,0.00,-6.90,64.50,33.41,-10.76,45.53,26.74,1.092119
5.9755,-0.594155,2.813852,-0.457769,0.00,0.00,0.00,-6.90,64.52,33.27,-10.69,45.61,26.81,1.094262
5.9921,-0.594249,2.812476,-0.459587,0.00,0.00,0.00,-6.90,64.52,33.11,-10.69,45.61,26.81,1.096544
6.0095,-0.594249,2.812476,-0.459587,0.00,0.00,0.00,-6.90,64.52,33.11,-10.69,45.61,26.81,1.096544
6.0266,-0.594330,2.811301,-0.461149,0.00,0.00,0.00,-6.90,64.52,32.97,-10.69,45.61,26.81,1.098501
6.0422,-0.594371,2.810715,-0.461931,0.00,0.00,0.00,-6.90,64.52,32.90,-10.69,45.61,26.81,1.099478
6.0597,-0.594384,2.810520,-0.462192,0.00,0.00,0.00,-6.90,64.52,32.87,-10.61,45.61,26.74,1.099804
6.0756,-0.594435,2.810565,-0.463059,0.00,0.00,0.00,-6.90,64.57,32.85,-10.69,45.61,26.74,1.100674
6.0924,-0.594804,2.810606,-0.463908,0.00,0.00,0.00,-6.93,64.62,32.83,-10.69,45.61,26.74,1.101601
6.1188,-0.595208,2.809750,-0.465499,0.00,0.00,0.00,-6.95,64.64,32.71,-10.69,45.68,26.81,1.103452
6.1261,-0.595208,2.809750,-0.465499,0.00,0.00,0.00,-6.95,64.64,32.71,-10.69,45.68,26.81,1.103452
6.1435,-0.595298,2.809212,-0.467152,0.00,0.00,0.00,-6.95,64.69,32.62,-10.76,45.61,26.74,1.105193
6.1585,-0.595705,2.808673,-0.468788,0.00,0.00,0.00,-6.97,64.73,32.52,-10.83,45.61,26.74,1.106963
6.1761,-0.596168,2.807674,-0.471517,0.00,0.00,0.00,-7.00,64.80,32.36,-10.83,45.61,26.74,1.109906
6.1922,-0.596297,2.806564,-0.473964,0.00,0.00,0.00,-7.00,64.85,32.20,-10.83,45.61,26.67,1.112596
6.2097,-0.596297,2.806564,-0.473964,0.00,0.00,0.00,-7.00,64.85,32.20,-10.83,45.61,26.67,1.112596
6.2256,-0.596739,2.805457,-0.476398,0.00,0.00,0.00,-7.02,64.90,32.03,-10.83,45.68,26.67,1.115306
6.2421,-0.597215,2.804589,-0.479444,0.00,0.00,0.00,-7.04,64.99,31.87,-10.83,45.61,26.74,1.118509
6.2617,-0.597677,2.803915,-0.482230,0.00,0.00,0.00,-7.07,65.08,31.73,-10.76,45.61,26.81,1.121413
6.2759,-0.597800,2.803624,-0.484507,0.00,0.00,0.00,-7.07,65.18,31.64,-10.83,45.61,26.74,1.123711
6.2932,-0.598263,2.803257,-0.487339,0.00,0.00,0.00,-7.09,65.30,31.52,-10.76,45.61,26.74,1.126604
6.3101,-0.598263,2.803257,-0.487339,0.00,0.00,0.00,-7.09,65.30,31.52,-10.76,45.61,26.74,1.126604
6.3250,-0.598385,2.802965,-0.489620,0.00,0.00,0.00,-7.09,65.39,31.43,-10.69,45.61,26.74,1.128907
6.3428,-0.599122,2.802668,-0.491870,0.00,0.00,0.00,-7.14,65.48,31.33,-10.76,45.61,26.74,1.131293
6.3608,-0.599889,2.802599,-0.494733,0.00,0.00,0.00,-7.19,65.62,31.24,-10.76,45.68,26.74,1.134258
6.3768,-0.600034,2.803021,-0.497404,0.00,0.00,0.00,-7.19,65.79,31.19,-10.83,45.61,26.67,1.136966
6.3932,-0.600196,2.802464,-0.500533,0.00,0.00,0.00,-7.19,65.90,31.05,-10.83,45.61,26.74,1.140149
6.4083,-0.600196,2.802464,-0.500533,0.00,0.00,0.00,-7.19,65.90,31.05,-10.83,45.61,26.74,1.140149
6.4251,-0.600337,2.802579,-0.503171,0.00,0.00,0.00,-7.19,66.04,30.98,-10.83,45.61,26.67,1.142793
6.4425,-0.600754,2.803060,-0.505260,0.00,0.00,0.00,-7.21,66.18,30.96,-10.76,45.61,26.74,1.144976
6.4598,-0.601204,2.803758,-0.507965,0.00,0.00,0.00,-7.23,66.37,30.94,-10.76,45.68,26.67,1.147806
6.4751,-0.601623,2.804523,-0.510098,0.00,0.00,0.00,-7.26,66.53,30.94,-10.83,45.61,26.74,1.150110
6.4925,-0.601741,2.805286,-0.512248,0.00,0.00,0.00,-7.26,66.70,30.94,-10.76,45.61,26.74,1.152395
6.5098,-0.601741,2.805286,-0.512248,0.00,0.00,0.00,-7.26,66.70,30.94,-10.76,45.61,26.74,1.152395
6.5264,-0.601843,2.805935,-0.514094,0.00,0.00,0.00,-7.26,66.84,30.94,-10.91,45.61,26.67,1.154354
6.5427,-0.601961,2.806686,-0.516249,0.00,0.00,0.00,-7.26,67.00,30.94,-10.83,45.61,26.67,1.156640
6.5599,-0.602342,2.807216,-0.517774,0.00,0.00,0.00,-7.28,67.12,30.94,-10.76,45.68,26.74,1.158299
6.5757,-0.602426,2.807746,-0.519316,0.00,0.00,0.00,-7.28,67.24,30.94,-10.83,45.61,26.74,1.159931
6.5928,-0.602493,2.808167,-0.520550,0.00,0.00,0.00,-7.28,67.33,30.94,-10.76,45.61,26.67,1.161237
6.6101,-0.602493,2.808167,-0.520550,0.00,0.00,0.00,-7.28,67.33,30.94,-10.76,45.61,26.67,1.161237
6.6258,-0.602839,2.808480,-0.521461,0.00,0.00,0.00,-7.30,67.40,30.94,-10.76,45.61,26.67,1.162260
6.6427,-0.603184,2.808791,-0.522372,0.00,0.00,0.00,-7.33,67.47,30.94,-10.83,45.61,26.74,1.163283
6.6598,-0.603217,2.808999,-0.522990,0.00,0.00,0.00,-7.33,67.52,30.94,-10.91,45.61,26.67,1.163936
6.6764,-0.603250,2.809207,-0.523608,0.00,0.00,0.00,-7.33,67.56,30.94,-10.83,45.68,26.67,1.164589
6.6931,-0.603267,2.809311,-0.523918,0.00,0.00,0.00,-7.33,67.59,30.94,-10.91,45.68,26.67,1.164916
6.7094,-0.603267,2.809311,-0.523918,0.00,0.00,0.00,-7.33,67.59,30.94,-10.91,45.68,26.67,1.164916
6.7262,-0.603267,2.809311,-0.523918,0.00,0.00,0.00,-7.33,67.59,30.94,-10.91,45.61,26.67,1.164916
6.7426,-0.603267,2.809311,-0.523918,0.00,0.00,0.00,-7.33,67.59,30.94,-10.91,45.61,26.74,1.164916
6.7598,-0.603267,2.809311,-0.523918,0.00,0.00,0.00,-7.33,67.59,30.94,-10.98,45.61,26.67,1.164916
6.7763,-0.603267,2.809311,-0.523918,0.00,0.00,0.00,-7.33,67.59,30.94,-10.91,45.61,26.67,1.164916
6.7950,-0.603267,2.809311,-0.523918,0.00,0.00,0.00,-7.33,67.59,30.94,-10.98,45.61,26.67,1.164916
6.8095,-0.603267,2.809311,-0.523918,0.00,0.00,0.00,-7.33,67.59,30.94,-10.98,45.61,26.67,1.164916
6.8271,-0.603267,2.809311,-0.523918,0.00,0.00,0.00,-7.33,67.59,30.94,-10.91,45.68,26.67,1.164916
6.8420,-0.603267,2.809311,-0.523918,0.00,0.00,0.00,-7.33,67.59,30.94,-10.98,45.61,26.59,1.164916
6.8594,-0.603267,2.809311,-0.523918,0.00,0.00,0.00,-7.33,67.59,30.94,-10.98,45.61,26.67,1.164916
6.8766,-0.603267,2.809311,-0.523918,0.00,0.00,0.00,-7.33,67.59,30.94,-10.98,45.68,26.74,1.164916
