time_s,pos_x,pos_y,pos_z,euler_x,euler_y,euler_z,dev_pos_x,dev_pos_y,dev_pos_z,joint_x,joint_y,joint_z,gimbal_x,gimbal_y,gimbal_z,step_dist_m,cumulative_dist_m,collision_event,collision_object,click_event,force_x,force_y,force_z,target_x,target_y,target_z,dist_to_target
0.0043,-0.546670,2.208495,-0.725616,0.00,0.00,0.00,0.000000,-65.510710,-88.114200,0.00,15.41,-21.25,-0.65,45.61,1.10,0.000000,0.000000,0,,0,0.0000,0.0000,0.0000,0.0000,0.0000,0.0000,0.0000
0.0341,-0.546670,2.208495,-0.725616,0.00,0.00,0.00,0.000000,-65.510710,-88.114200,0.00,15.41,-21.25,-0.65,45.53,1.03,0.000000,0.000000,0,,0,0.0000,0.0000,0.0000,0.0000,0.0000,0.0000,0.0000
0.0667,-0.546670,2.208495,-0.725616,0.00,0.00,0.00,0.000000,-65.510710,-88.114200,0.00,15.41,-21.25,-0.58,45.53,1.10,0.000000,0.000000,0,,0,0.0000,0.0000,0.0000,0.0000,0.0000,0.0000,0.0000
0.1001,-0.546670,2.208495,-0.725616,0.00,0.00,0.00,0.000000,-65.510710,-88.114200,0.00,15.41,-21.25,-0.58,45.61,1.03,0.000000,0.000000,0,,0,0.0000,0.0000,0.0000,0.0000,0.0000,0.0000,0.0000
0.1354,-0.546670,2.208495,-0.725616,0.00,0.00,0.00,0.000000,-65.510710,-88.114200,0.00,15.41,-21.25,-0.51,45.61,1.10,0.000000,0.000000,0,,0,0.0000,0.0000,0.0000,0.0000,0.0000,0.0000,0.0000
0.1682,-0.546670,2.208495,-0.725616,0.00,0.00,0.00,0.000000,-65.510710,-88.114200,0.00,15.41,-21.25,-0.07,45.61,1.10,0.000000,0.000000,0,,0,0.0000,0.0000,0.0000,0.0000,0.0000,0.0000,0.0000
0.2023,-0.546670,2.208495,-0.725616,0.00,0.00,0.00,0.000000,-65.510710,-88.114200,0.00,15.41,-21.25,-0.14,45.53,1.03,0.000000,0.000000,0,,0,0.0000,0.0000,0.0000,0.0000,0.0000,0.0000,0.0000
0.2338,-0.546670,2.208495,-0.725616,0.00,0.00,0.00,0.000000,-65.510710,-88.114200,0.00,15.41,-21.25,-0.14,45.53,1.10,0.000000,0.000000,0,,0,0.0000,0.0000,0.0000,0.0000,0.0000,0.0000,0.0000
0.2678,-0.546670,2.208495,-0.725616,0.00,0.00,0.00,0.000000,-65.510710,-88.114200,0.00,15.41,-21.25,-0.21,45.61,1.03,0.000000,0.000000,0,,0,0.0000,0.0000,0.0000,0.0000,0.0000,0.0000,0.0000
0.3010,-0.546670,2.208495,-0.725616,0.00,0.00,0.00,0.000000,-65.510710,-88.114200,0.00,15.41,-21.25,-0.21,45.53,1.03,0.000000,0.000000,0,,0,0.0000,0.0000,0.0000,0.0000,0.0000,0.0000,0.0000
0.3350,-0.546670,2.208495,-0.725616,0.00,0.00,0.00,0.000000,-65.510710,-88.114200,0.00,15.41,-21.25,-0.14,45.68,1.10,0.000000,0.000000,0,,0,0.0000,0.0000,0.0000,0.0000,0.0000,0.0000,0.0000
0.3691,-0.546670,2.208495,-0.725616,0.00,0.00,0.00,0.000000,-65.510710,-88.114200,0.00,15.41,-21.25,-0.07,45.61,1.03,0.000000,0.000000,0,,0,0.0000,0.0000,0.0000,0.0000,0.0000,0.0000,0.0000
0.4005,-0.546670,2.208495,-0.725616,0.00,0.00,0.00,0.000000,-65.510710,-88.114200,0.00,15.41,-21.25,0.01,45.53,1.10,0.000000,0.000000,0,,0,0.0000,0.0000,0.0000,0.0000,0.0000,0.0000,0.0000
0.4354,-0.546670,2.208495,-0.725616,0.00,0.00,0.00,0.000000,-65.510710,-88.114200,0.00,15.41,-21.25,0.01,45.61,1.10,0.000000,0.000000,0,,0,0.0000,0.0000,0.0000,0.0000,0.0000,0.0000,0.0000
0.4685,-0.546670,2.208495,-0.725616,0.00,0.00,0.00,0.000000,-65.510710,-88.114200,0.00,15.41,-21.25,0.01,45.53,1.10,0.000000,0.000000,0,,0,0.0000,0.0000,0.0000,0.0000,0.0000,0.0000,0.0000
0.5029,-0.546670,2.208495,-0.725616,0.00,0.00,0.00,0.000000,-65.510710,-88.114200,0.00,15.41,-21.25,0.01,45.61,1.10,0.000000,0.000000,0,,0,0.0000,0.0000,0.0000,0.0000,0.0000,0.0000,0.0000
0.5335,-0.546670,2.208495,-0.725616,0.00,0.00,0.00,0.000000,-65.510710,-88.114200,0.00,15.41,-21.25,-0.07,45.61,1.03,0.000000,0.000000,0,,0,0.0000,0.0000,0.0000,0.0000,0.0000,0.0000,0.0000
0.5678,-0.546670,2.208495,-0.725616,0.00,0.00,0.00,0.000000,-65.510710,-88.114200,0.00,15.41,-21.25,-0.14,45.61,1.10,0.000000,0.000000,0,,0,0.0000,0.0000,0.0000,0.0000,0.0000,0.0000,0.0000
0.6003,-0.546670,2.208495,-0.725616,0.00,0.00,0.00,0.000000,-65.510710,-88.114200,0.00,15.41,-21.25,-0.21,45.61,1.10,0.000000,0.000000,0,,0,0.0000,0.0000,0.0000,0.0000,0.0000,0.0000,0.0000
0.6337,-0.546670,2.208495,-0.725616,0.00,0.00,0.00,0.000000,-65.510710,-88.114200,0.00,15.41,-21.25,-0.29,45.53,1.03,0.000000,0.000000,0,,0,0.0000,0.0000,0.0000,0.0000,0.0000,0.0000,0.0000
0.6674,-0.546670,2.208495,-0.725616,0.00,0.00,0.00,0.000000,-65.510710,-88.114200,0.00,15.41,-21.25,-0.29,45.53,1.03,0.000001,0.000001,0,,0,0.0000,0.0000,0.0000,0.0000,0.0000,0.0000,0.0000
0.7010,-0.546670,2.208495,-0.725616,0.00,0.00,0.00,0.000000,-65.510710,-88.114200,0.00,15.41,-21.25,-0.29,45.61,1.10,0.000001,0.000001,0,,0,0.0000,0.0000,0.0000,0.0000,0.0000,0.0000,0.0000
0.7343,-0.546670,2.208495,-0.725616,0.00,0.00,0.00,0.000000,-65.510710,-88.114200,0.00,15.41,-21.25,-0.21,45.61,1.03,0.000000,0.000001,0,,0,0.0000,0.0000,0.0000,0.0000,0.0000,0.0000,0.0000
0.7686,-0.546670,2.208495,-0.725616,0.00,0.00,0.00,0.000000,-65.510710,-88.114200,0.00,15.41,-21.25,-0.14,45.53,1.03,0.000000,0.000002,0,,0,0.0134,0.0052,0.0746,0.0000,0.0000,0.0000,0.0000
0.8027,-0.546670,2.208496,-0.725617,0.00,0.00,0.00,0.000000,-65.510710,-88.114200,0.00,15.41,-21.25,0.08,45.61,1.18,0.000000,0.000002,0,,0,0.0243,0.0094,0.1351,0.0000,0.0000,0.0000,0.0000
0.8339,-0.546670,2.208495,-0.725616,0.00,0.00,0.00,0.000000,-65.510710,-88.114200,0.00,15.41,-21.25,-0.07,45.53,1.18,0.000000,0.000003,0,,0,0.0290,0.0112,0.1608,0.0000,0.0000,0.0000,0.0000
0.8688,-0.546560,2.208302,-0.725004,0.00,0.00,0.00,0.000000,-65.550060,-88.012890,0.00,15.41,-21.20,0.15,45.61,1.25,0.000652,0.000655,0,,0,0.0369,0.0143,0.2049,0.0000,0.0000,0.0000,0.0000
0.9031,-0.546156,2.208147,-0.722764,0.00,0.00,0.00,0.000000,-65.601690,-87.636290,0.00,15.45,-21.01,0.08,45.46,1.32,0.002281,0.002936,0,,0,0.0433,0.0168,0.2406,0.0000,0.0000,0.0000,0.0000
0.9350,-0.545990,2.207860,-0.721844,0.00,0.00,0.00,0.000000,-65.660050,-87.484090,0.00,15.45,-20.94,-0.07,45.46,1.40,0.000978,0.003913,0,,0,0.0461,0.0178,0.2558,0.0000,0.0000,0.0000,0.0000
0.9682,-0.545659,2.207290,-0.720002,0.00,0.00,0.00,0.000000,-65.776210,-87.179450,0.00,15.45,-20.80,-0.29,45.39,1.47,0.001956,0.005870,0,,0,0.0507,0.0196,0.2818,0.0000,0.0000,0.0000,0.0000
1.0031,-0.544980,2.207516,-0.716235,0.00,0.00,0.00,0.000000,-65.782210,-86.540290,0.00,15.57,-20.48,-0.43,45.39,1.47,0.003835,0.009705,0,,0,0.0545,0.0211,0.3029,0.0000,0.0000,0.0000,0.0000
1.0352,-0.544598,2.208531,-0.714110,0.00,0.00,0.00,0.000000,-65.638070,-86.169850,0.00,15.71,-20.27,-0.43,45.39,1.54,0.002385,0.012090,0,,0,0.0562,0.0217,0.3119,0.0000,0.0000,0.0000,0.0000
1.0686,-0.543994,2.209193,-0.710754,0.00,0.00,0.00,0.000000,-65.566830,-85.595310,0.00,15.85,-19.96,-0.43,45.39,1.62,0.003474,0.015564,0,,0,0.0589,0.0228,0.3272,0.0000,0.0000,0.0000,0.0000
1.1026,-0.543425,2.209656,-0.707596,0.00,0.00,0.00,0.000000,-65.526310,-85.056460,0.00,15.97,-19.68,-0.29,45.31,1.54,0.003242,0.018806,0,,0,0.0612,0.0237,0.3397,0.0000,0.0000,0.0000,0.0000
1.1357,-0.542820,2.210357,-0.704237,0.00,0.00,0.00,0.000000,-65.448700,-84.480890,0.00,16.11,-19.38,-0.14,45.39,1.47,0.003485,0.022291,0,,0,0.0621,0.0240,0.3450,0.0000,0.0000,0.0000,0.0000
1.1686,-0.541076,2.212131,-0.694547,0.00,0.00,0.00,0.000000,-65.265880,-82.823570,0.00,16.48,-18.51,-0.21,45.31,1.54,0.010004,0.032295,0,,0,0.0638,0.0247,0.3541,0.0000,0.0000,0.0000,0.0000
1.2033,-0.539334,2.214907,-0.684874,0.00,0.00,0.00,0.000000,-64.916200,-81.157720,0.00,16.93,-17.63,-0.14,45.39,1.54,0.010213,0.042507,0,,0,0.0651,0.0252,0.3614,0.0000,0.0000,0.0000,0.0000
1.2372,-0.538524,2.215747,-0.680374,0.00,0.00,0.00,0.000000,-64.828670,-80.387790,0.00,17.09,-17.23,0.15,45.31,1.54,0.004649,0.047157,0,,0,0.0656,0.0269,0.3645,0.0000,0.0000,0.0000,0.0000
1.2687,-0.536704,2.218396,-0.670267,0.00,0.00,0.00,0.000000,-64.505210,-78.650030,0.00,17.51,-16.32,1.03,45.31,1.54,0.010606,0.057763,0,,0,0.0665,0.0344,0.3693,0.0000,0.0000,0.0000,0.0000
1.3004,-0.535085,2.220924,-0.659997,0.00,0.00,0.00,-0.037607,-64.203370,-76.892940,-0.02,17.91,-15.41,1.91,45.24,1.62,0.010699,0.068462,0,,0,0.0672,0.0427,0.3731,0.0000,0.0000,0.0000,0.0000
1.3351,-0.534183,2.222136,-0.654977,0.00,0.00,0.00,-0.037961,-64.059870,-76.031100,-0.02,18.09,-14.97,2.57,45.24,1.62,0.005242,0.073704,0,,0,0.0675,0.0463,0.3747,0.0000,0.0000,0.0000,0.0000
1.3680,-0.532324,2.224407,-0.643313,0.00,0.00,0.00,-0.077559,-63.816830,-74.041740,-0.05,18.47,-13.96,3.38,45.24,1.62,0.012027,0.085732,0,,0,0.0680,0.0523,0.3775,0.0000,0.0000,0.0000,0.0000
1.4033,-0.531003,2.226614,-0.633248,0.00,0.00,0.00,-0.157759,-63.540690,-72.436350,-0.09,18.80,-13.10,3.60,45.31,1.54,0.010389,0.096120,0,,0,0.0654,0.0637,0.3798,0.0000,0.0000,0.0000,0.0000
1.4336,-0.530049,2.228008,-0.627904,0.00,0.00,0.00,-0.159443,-63.395480,-71.411940,-0.09,18.98,-12.63,3.74,45.31,1.54,0.005605,0.101725,0,,0,0.0628,0.0744,0.3807,0.0000,0.0000,0.0000,0.0000
1.4678,-0.528257,2.231031,-0.617850,0.00,0.00,0.00,-0.162293,-63.009100,-69.679520,-0.09,19.36,-11.74,4.55,45.31,1.54,0.010650,0.112375,0,,0,0.0540,0.1051,0.3821,0.0000,0.0000,0.0000,0.0000
1.5004,-0.526419,2.233633,-0.607545,0.00,0.00,0.00,-0.165205,-62.695740,-67.909250,-0.09,19.68,-10.86,5.35,45.24,1.62,0.010787,0.123162,0,,0,0.0445,0.1379,0.3831,0.0000,0.0000,0.0000,0.0000
1.5334,-0.525583,2.236756,-0.602852,0.00,0.00,0.00,-0.166567,-62.230720,-67.081130,-0.09,19.99,-10.39,5.50,45.24,1.62,0.005699,0.128861,0,,0,0.0394,0.1531,0.3836,0.0000,0.0000,0.0000,0.0000
1.5684,-0.523994,2.247427,-0.593927,0.00,0.00,0.00,-0.169246,-60.559640,-65.452160,-0.09,20.95,-9.34,5.65,45.31,1.54,0.014002,0.142863,0,,0,0.0295,0.1840,0.3844,0.0000,0.0000,0.0000,0.0000
1.6008,-0.522498,2.259888,-0.584053,0.00,0.00,0.00,-0.215262,-58.601530,-63.650310,-0.12,22.05,-8.15,5.50,45.31,1.54,0.015968,0.158831,0,,0,0.0200,0.2129,0.3850,0.0000,0.0000,0.0000,0.0000
1.6354,-0.521702,2.267211,-0.579570,0.00,0.00,0.00,-0.216991,-57.435760,-62.809650,-0.12,22.68,-7.54,5.57,45.24,1.54,0.008624,0.167455,0,,0,0.0159,0.2257,0.3853,0.0000,0.0000,0.0000,0.0000
1.6683,-0.520454,2.284824,-0.571020,0.00,0.00,0.00,-0.264427,-54.605490,-61.173150,-0.14,24.17,-6.23,5.57,45.24,1.62,0.019618,0.187073,0,,0,0.0073,0.2509,0.3857,0.0000,0.0000,0.0000,0.0000
1.7019,-0.520317,2.299811,-0.564095,0.00,0.00,0.00,-0.446092,-52.191430,-59.865030,-0.24,25.44,-5.14,5.50,45.24,1.62,0.016510,0.203583,0,,0,-0.0005,0.2727,0.3862,0.0000,0.0000,0.0000,0.0000
1.7342,-0.519761,2.307890,-0.559355,0.00,0.00,0.00,-0.494700,-50.902320,-58.981070,-0.26,26.11,-4.46,5.50,45.31,1.54,0.009383,0.212966,0,,0,-0.0039,0.2820,0.3864,0.0000,0.0000,0.0000,0.0000
1.7673,-0.518611,2.326472,-0.549577,0.00,0.00,0.00,-0.594514,-47.924620,-57.135120,-0.31,27.66,-2.97,5.43,45.31,1.62,0.021029,0.233995,0,,0,-0.0096,0.2978,0.3867,0.0000,0.0000,0.0000,0.0000
1.8032,-0.517982,2.345539,-0.541060,0.00,0.00,0.00,-0.742434,-44.850920,-55.505710,-0.38,29.22,-1.52,5.43,45.17,1.54,0.020892,0.254887,0,,0,-0.0054,0.2824,0.3873,0.0000,0.0000,0.0000,0.0000
1.8340,-0.517615,2.353021,-0.537279,0.00,0.00,0.00,-0.793835,-43.649920,-54.790750,-0.40,29.83,-0.91,5.43,45.24,1.62,0.008392,0.263279,0,,0,0.0007,0.2620,0.3878,0.0000,0.0000,0.0000,0.0000
1.8681,-0.515736,2.370083,-0.526348,0.00,0.00,0.00,-0.808085,-40.939250,-52.752320,-0.40,31.19,0.65,5.35,45.24,1.62,0.020350,0.283629,0,,0,0.0115,0.2260,0.3886,0.0000,0.0000,0.0000,0.0000
1.9002,-0.514005,2.385733,-0.516278,0.00,0.00,0.00,-0.821208,-38.453530,-50.875120,-0.40,32.40,2.10,5.43,45.24,1.62,0.018690,0.302318,0,,0,0.0206,0.1955,0.3893,0.0000,0.0000,0.0000,0.0000
1.9360,-0.513138,2.392548,-0.511236,0.00,0.00,0.00,-0.827698,-37.378680,-49.946730,-0.40,32.92,2.78,5.35,45.24,1.69,0.008522,0.310840,0,,0,0.0246,0.1820,0.3896,0.0000,0.0000,0.0000,0.0000
1.9679,-0.511085,2.406974,-0.499314,0.00,0.00,0.00,-0.842907,-35.117710,-47.770950,-0.40,33.97,4.30,5.35,45.17,1.62,0.018827,0.329667,0,,0,0.0317,0.1583,0.3901,0.0000,0.0000,0.0000,0.0000
2.0003,-0.508959,2.421338,-0.486960,0.00,0.00,0.00,-0.858622,-32.872210,-45.523000,-0.40,34.97,5.84,5.35,45.24,1.62,0.019065,0.348732,0,,0,0.0320,0.1360,0.3591,0.0000,0.0000,0.0000,0.0000
2.0335,-0.508223,2.428194,-0.482684,0.00,0.00,0.00,-0.864212,-31.781520,-44.723290,-0.40,35.46,6.47,5.28,45.24,1.62,0.008115,0.356846,0,,0,0.0295,0.1251,0.3303,0.0000,0.0000,0.0000,0.0000
2.0672,-0.506949,2.440130,-0.475271,0.00,0.00,0.00,-0.873905,-29.882620,-43.336750,-0.40,36.31,7.56,5.28,45.39,1.54,0.014108,0.370954,0,,0,0.0249,0.1059,0.2796,0.0000,0.0000,0.0000,0.0000
2.1020,-0.506389,2.448134,-0.472004,0.00,0.00,0.00,-0.878394,-28.589430,-42.694470,-0.40,36.89,8.19,5.50,45.31,1.47,0.008663,0.379617,0,,0,0.0211,0.0896,0.2367,0.0000,0.0000,0.0000,0.0000
2.1352,-0.506608,2.450590,-0.471438,0.00,0.00,0.00,-0.930911,-28.186980,-42.580310,-0.42,37.08,8.36,5.50,45.39,1.47,0.002530,0.382147,0,,0,0.0194,0.0824,0.2177,0.0000,0.0000,0.0000,0.0000
2.1670,-0.506883,2.452977,-0.471194,0.00,0.00,0.00,-0.983093,-27.792340,-42.521190,-0.45,37.26,8.50,5.43,45.46,1.32,0.002415,0.384562,0,,0,0.0228,0.0722,0.2195,0.0000,0.0000,0.0000,0.0000
2.2009,-0.506777,2.453995,-0.470575,0.00,0.00,0.00,-0.983999,-27.630200,-42.405170,-0.45,37.33,8.59,5.43,45.46,1.47,0.001196,0.385758,0,,0,0.0313,0.0658,0.2524,0.0000,0.0000,0.0000,0.0000
2.2338,-0.506615,2.454207,-0.469634,0.00,0.00,0.00,-0.985258,-27.605750,-42.244010,-0.45,37.33,8.66,5.43,45.39,1.47,0.000978,0.386736,0,,0,0.0349,0.0629,0.2664,0.0000,0.0000,0.0000,0.0000
2.2696,-0.505714,2.454997,-0.466239,0.00,0.00,0.00,-0.937776,-27.514400,-41.652930,-0.42,37.33,8.92,5.43,45.39,1.47,0.003600,0.390336,0,,0,0.0413,0.0578,0.2904,0.0000,0.0000,0.0000,0.0000
2.3021,-0.504541,2.456172,-0.461284,0.00,0.00,0.00,-0.891679,-27.376820,-40.794120,-0.40,37.33,9.29,5.43,45.31,1.47,0.005226,0.395562,0,,0,0.0456,0.0538,0.3100,0.0000,0.0000,0.0000,0.0000
2.3340,-0.504001,2.456924,-0.458158,0.00,0.00,0.00,-0.895426,-27.287990,-40.258060,-0.40,37.33,9.53,5.57,45.31,1.47,0.003260,0.398822,0,,0,0.0479,0.0518,0.3182,0.0000,0.0000,0.0000,0.0000
2.3668,-0.502869,2.458544,-0.451603,0.00,0.00,0.00,-0.903287,-27.094330,-39.133530,-0.40,37.33,10.02,5.65,45.31,1.54,0.006847,0.405669,0,,0,0.0519,0.0482,0.3324,0.0000,0.0000,0.0000,0.0000
2.4004,-0.501615,2.460711,-0.444341,0.00,0.00,0.00,-0.912026,-26.817990,-37.883460,-0.40,37.36,10.58,5.87,45.31,1.54,0.007681,0.413350,0,,0,0.0552,0.0452,0.3438,0.0000,0.0000,0.0000,0.0000
2.4361,-0.501098,2.462107,-0.441346,0.00,0.00,0.00,-0.915669,-26.620490,-37.362220,-0.40,37.41,10.83,5.87,45.31,1.54,0.003345,0.416695,0,,0,0.0566,0.0438,0.3487,0.0000,0.0000,0.0000,0.0000
2.4692,-0.499976,2.464786,-0.434847,0.00,0.00,0.00,-0.923549,-26.250240,-36.235090,-0.40,37.48,11.37,5.94,45.24,1.54,0.007119,0.423814,0,,0,0.0590,0.0414,0.3571,0.0000,0.0000,0.0000,0.0000
2.5028,-0.498804,2.467620,-0.428057,0.00,0.00,0.00,-0.931782,-25.857410,-35.057260,-0.40,37.55,11.93,6.09,45.24,1.54,0.007450,0.431263,0,,0,0.0611,0.0393,0.3638,0.0000,0.0000,0.0000,0.0000
2.5338,-0.498218,2.468608,-0.424660,0.00,0.00,0.00,-0.935868,-25.732540,-34.472740,-0.40,37.55,12.19,6.16,45.31,1.54,0.003586,0.434850,0,,0,0.0619,0.0384,0.3667,0.0000,0.0000,0.0000,0.0000
2.5683,-0.497014,2.471304,-0.417689,0.00,0.00,0.00,-0.944306,-25.364740,-33.265760,-0.40,37.59,12.75,6.31,45.17,1.54,0.007571,0.442420,0,,0,0.0635,0.0368,0.3717,0.0000,0.0000,0.0000,0.0000
2.6001,-0.495936,2.473541,-0.411447,0.00,0.00,0.00,-0.951846,-25.065090,-32.187100,-0.40,37.62,13.24,6.45,45.17,1.62,0.006717,0.449138,0,,0,0.0612,0.0391,0.3760,0.0000,0.0000,0.0000,0.0000
2.6339,-0.495406,2.474509,-0.408379,0.00,0.00,0.00,-0.955542,-24.939580,-31.658420,-0.40,37.62,13.47,6.38,45.17,1.62,0.003260,0.452398,0,,0,0.0550,0.0433,0.3786,0.0000,0.0000,0.0000,0.0000
2.6688,-0.494249,2.477617,-0.401673,0.00,0.00,0.00,-0.963700,-24.500340,-30.491430,-0.40,37.69,14.03,6.53,45.24,1.54,0.007482,0.459880,0,,0,0.0252,0.0539,0.3863,0.0000,0.0000,0.0000,0.0000
2.7013,-0.493041,2.483125,-0.394663,0.00,0.00,0.00,-0.972406,-23.665520,-29.245910,-0.40,37.92,14.73,6.67,45.24,1.54,0.008997,0.468876,0,,0,-0.0234,0.0625,0.3969,0.0000,0.0000,0.0000,0.0000
2.7346,-0.492350,2.485782,-0.390657,0.00,0.00,0.00,-0.977343,-23.270110,-28.539710,-0.40,38.01,15.11,6.74,45.24,1.62,0.004856,0.473733,0,,0,-0.0475,0.0662,0.4020,0.0000,0.0000,0.0000,0.0000
2.7670,-0.491162,2.491518,-0.381716,0.00,0.00,0.00,-1.046408,-22.418900,-26.976260,-0.42,38.20,15.92,6.74,45.24,1.62,0.010689,0.484422,0,,0,-0.0923,0.0727,0.4114,0.0000,0.0000,0.0000,0.0000
2.8034,-0.492775,2.497906,-0.374491,0.00,0.00,0.00,-1.524420,-21.434440,-25.768670,-0.61,38.48,16.65,6.74,45.17,1.62,0.009778,0.494200,0,,0,-0.1406,0.0815,0.4209,0.0000,0.0000,0.0000,0.0000
2.8350,-0.494512,2.501788,-0.369893,0.00,0.00,0.00,-1.944298,-20.853000,-25.075070,-0.78,38.64,17.09,6.74,45.17,1.69,0.006263,0.500463,0,,0,-0.1650,0.0862,0.4256,0.0000,0.0000,0.0000,0.0000
2.8699,-0.498501,2.508827,-0.361172,0.00,0.00,0.00,-2.856724,-19.756230,-23.633300,-1.13,38.92,17.91,6.74,45.17,1.62,0.011896,0.512359,0,,0,-0.2140,0.0967,0.4347,0.0000,0.0000,0.0000,0.0000
2.9005,-0.508243,2.517168,-0.353658,0.00,0.00,0.00,-4.676456,-18.433750,-22.595710,-1.84,39.35,18.68,6.82,45.24,1.62,0.014864,0.527223,0,,0,-0.2672,0.1071,0.4444,0.0000,0.0000,0.0000,0.0000
2.9359,-0.513513,2.521800,-0.349700,0.00,0.00,0.00,-5.657690,-17.697050,-22.050460,-2.21,39.58,19.10,6.74,45.17,1.62,0.008056,0.535279,0,,0,-0.2908,0.1117,0.4487,0.0000,0.0000,0.0000,0.0000
2.9683,-0.525609,2.530306,-0.341396,0.00,0.00,0.00,-7.886848,-16.351130,-20.951100,-3.06,39.98,19.92,6.67,45.24,1.62,0.016959,0.552238,0,,0,-0.3313,0.1195,0.4561,0.0000,0.0000,0.0000,0.0000
3.0036,-0.539182,2.538522,-0.331107,0.00,0.00,0.00,-10.417000,-15.072650,-19.573730,-4.01,40.28,20.83,6.09,45.17,1.62,0.018910,0.571149,0,,0,-0.3640,0.1259,0.4620,0.0000,0.0000,0.0000,0.0000
3.0349,-0.546744,2.543285,-0.325090,0.00,0.00,0.00,-11.834950,-14.332640,-18.757550,-4.52,40.44,21.36,5.72,45.17,1.62,0.010774,0.581922,0,,0,-0.3780,0.1286,0.4646,0.0000,0.0000,0.0000,0.0000
3.0684,-0.563391,2.554645,-0.314051,0.00,0.00,0.00,-14.891450,-12.533560,-17.312160,-5.63,40.91,22.48,5.35,45.02,1.69,0.022979,0.604901,0,,0,-0.4018,0.1332,0.4689,0.0000,0.0000,0.0000,0.0000
3.1033,-0.581594,2.563314,-0.303597,0.00,0.00,0.00,-18.185770,-11.172050,-16.039160,-6.81,41.19,23.44,5.06,45.09,2.20,0.022711,0.627612,0,,0,-0.4212,0.1370,0.4724,0.0000,0.0000,0.0000,0.0000
3.1351,-0.590864,2.568013,-0.298637,0.00,0.00,0.00,-19.852730,-10.427400,-15.447030,-7.40,41.36,23.93,4.55,45.09,2.42,0.011516,0.639128,0,,0,-0.4294,0.1386,0.4739,0.0000,0.0000,0.0000,0.0000
3.1676,-0.612698,2.580025,-0.284446,0.00,0.00,0.00,-23.853060,-8.544728,-13.631130,-8.76,41.68,25.29,2.86,45.09,3.08,0.028678,0.667806,0,,0,-0.4435,0.1413,0.4765,0.0000,0.0000,0.0000,0.0000
3.2005,-0.638786,2.594844,-0.270448,0.00,0.00,0.00,-28.545220,-6.184274,-11.940390,-10.34,42.15,26.80,1.40,45.02,4.18,0.033107,0.700913,0,,0,-0.4136,0.1311,0.4394,0.0000,0.0000,0.0000,0.0000
3.2342,-0.650753,2.602728,-0.263915,0.00,0.00,0.00,-30.700990,-4.922142,-11.134140,-11.05,42.41,27.57,0.59,45.09,4.77,0.015750,0.716663,0,,0,-0.3805,0.1206,0.4042,0.0000,0.0000,0.0000,0.0000
3.2687,-0.671959,2.617686,-0.252059,0.00,0.00,0.00,-34.529280,-2.524667,-9.648294,-12.27,42.88,29.02,-0.80,45.24,5.72,0.028531,0.745193,0,,0,-0.3220,0.1021,0.3421,0.0000,0.0000,0.0000,0.0000
3.3026,-0.687703,2.632977,-0.239129,0.00,0.00,0.00,-37.493270,-0.094846,-7.821994,-13.15,43.27,30.54,-2.19,45.31,6.23,0.025473,0.770667,0,,0,-0.2726,0.0864,0.2896,0.0000,0.0000,0.0000,0.0000
3.3344,-0.693606,2.641294,-0.230694,0.00,0.00,0.00,-38.710560,1.205483,-6.520959,-13.45,43.41,31.43,-3.14,45.39,6.53,0.013234,0.783901,0,,0,-0.2508,0.0795,0.2664,0.0000,0.0000,0.0000,0.0000
3.3676,-0.698446,2.655235,-0.215483,0.00,0.00,0.00,-39.953420,3.363016,-4.015489,-13.66,43.58,32.94,-4.83,45.39,6.67,0.021194,0.805095,0,,0,-0.2122,0.0673,0.2255,0.0000,0.0000,0.0000,0.0000
3.4028,-0.700323,2.669521,-0.202193,0.00,0.00,0.00,-40.653450,5.593325,-1.733193,-13.71,43.81,34.37,-5.85,45.53,6.74,0.019602,0.824697,0,,0,-0.1796,0.0569,0.1909,0.0000,0.0000,0.0000,0.0000
3.4339,-0.700774,2.676098,-0.196527,0.00,0.00,0.00,-40.894740,6.624288,-0.744292,-13.71,43.93,35.00,-6.22,45.53,6.67,0.008693,0.833390,0,,0,-0.1653,0.0524,0.1756,0.0000,0.0000,0.0000,0.0000
3.4676,-0.699725,2.686560,-0.188281,0.00,0.00,0.00,-40.966020,8.269311,0.755203,-13.62,44.14,35.95,-6.81,45.53,6.67,0.013362,0.846752,0,,0,-0.1399,0.0443,0.1486,0.0000,0.0000,0.0000,0.0000
3.5023,-0.698844,2.696145,-0.183896,0.00,0.00,0.00,-40.950690,9.812098,1.607898,-13.55,44.47,36.68,-7.17,45.53,6.53,0.010577,0.857329,0,,0,-0.1184,0.0375,0.1258,0.0000,0.0000,0.0000,0.0000
3.5356,-0.698117,2.700870,-0.182833,0.00,0.00,0.00,-40.862670,10.584400,1.857142,-13.50,44.68,36.98,-7.32,45.68,6.60,0.004898,0.862227,0,,0,-0.1089,0.0345,0.1157,0.0000,0.0000,0.0000,0.0000
3.5683,-0.695612,2.706064,-0.182678,0.00,0.00,0.00,-40.456410,11.441090,2.015543,-13.36,44.96,37.26,-7.39,45.68,6.53,0.005768,0.867994,0,,0,-0.0922,0.0292,0.0980,0.0000,0.0000,0.0000,0.0000
3.6023,-0.691247,2.709135,-0.184421,0.00,0.00,0.00,-39.688740,11.962460,1.893980,-13.12,45.21,37.33,-6.66,45.68,6.45,0.005615,0.873610,0,,0,-0.0720,0.0273,0.0816,0.0000,0.0000,0.0000,0.0000
3.6340,-0.689445,2.711084,-0.186556,0.00,0.00,0.00,-39.330180,12.306790,1.619807,-13.03,45.42,37.33,-6.22,45.68,6.38,0.003406,0.877016,0,,0,-0.0534,0.0283,0.0726,0.0000,0.0000,0.0000,0.0000
3.6679,-0.683748,2.715419,-0.190272,0.00,0.00,0.00,-38.285870,13.057550,1.228922,-12.72,45.84,37.38,-5.85,45.75,6.38,0.008066,0.885082,0,,0,0.0099,0.0327,0.0509,0.0000,0.0000,0.0000,0.0000
3.7012,-0.674216,2.720188,-0.194905,0.00,0.00,0.00,-36.585360,13.882980,0.805952,-12.20,46.34,37.40,-5.34,45.68,6.09,0.011622,0.896704,0,,0,0.0843,0.0358,0.0288,0.0000,0.0000,0.0000,0.0000
3.7347,-0.668187,2.722983,-0.197983,0.00,0.00,0.00,-35.505410,14.369990,0.511762,-11.87,46.64,37.40,-4.97,45.75,6.09,0.007324,0.904027,0,,0,0.1164,0.0370,0.0193,0.0000,0.0000,0.0000,0.0000
3.7668,-0.654121,2.728961,-0.204263,0.00,0.00,0.00,-33.012500,15.405750,-0.033207,-11.10,47.27,37.43,-4.17,45.83,6.01,0.016524,0.920551,0,,0,0.1713,0.0392,0.0026,0.0000,0.0000,0.0000,0.0000
3.8028,-0.632238,2.735337,-0.211828,0.00,0.00,0.00,-29.199500,16.505960,-0.553792,-9.87,47.97,37.43,-2.70,45.75,5.94,0.024015,0.944567,0,,0,0.2157,0.0410,-0.0110,0.0000,0.0000,0.0000,0.0000
3.8366,-0.621021,2.739280,-0.216852,0.00,0.00,0.00,-27.211130,17.195100,-1.000565,-9.24,48.42,37.43,-1.97,45.68,5.94,0.012908,0.957474,0,,0,0.2347,0.0417,-0.0169,0.0000,0.0000,0.0000,0.0000
3.8696,-0.597683,2.747017,-0.227913,0.00,0.00,0.00,-23.056210,18.557800,-2.034783,-7.89,49.33,37.40,-0.36,45.75,6.09,0.026960,0.984434,0,,0,0.2802,0.0481,0.0464,0.0000,0.0000,0.0000,0.0000
3.9032,-0.572270,2.753825,-0.238226,0.00,0.00,0.00,-18.582940,19.753690,-2.895971,-6.41,50.12,37.40,1.54,45.61,5.94,0.028258,1.012693,0,,0,0.2500,0.0456,0.1104,0.0000,0.0000,0.0000,0.0000
3.9355,-0.560809,2.757537,-0.244105,0.00,0.00,0.00,-16.529270,20.413420,-3.478091,-5.73,50.57,37.40,2.20,45.61,5.57,0.013405,1.026098,0,,0,0.2365,0.0445,0.1378,0.0000,0.0000,0.0000,0.0000
3.9681,-0.537800,2.765862,-0.255674,0.00,0.00,0.00,-12.413230,21.880330,-4.598478,-4.34,51.48,37.50,3.60,45.53,4.47,0.027066,1.053164,0,,0,0.2125,0.0424,0.1848,0.0000,0.0000,0.0000,0.0000
4.0010,-0.517288,2.774369,-0.267665,0.00,0.00,0.00,-8.694353,23.387450,-5.859468,-3.06,52.41,37.61,4.84,45.53,3.52,0.025237,1.078400,1,Vein,0,0.1798,0.0359,0.1564,0.0000,0.0000,0.0000,0.0000
4.0358,-0.509468,2.778899,-0.272670,0.00,0.00,0.00,-7.263733,24.180880,-6.396442,-2.57,52.86,37.73,5.43,45.61,2.86,0.010331,1.088731,0,,0,0.1654,0.0330,0.1439,0.0000,0.0000,0.0000,0.0000
4.0699,-0.497100,2.788300,-0.279109,0.00,0.00,0.00,-5.044680,25.790860,-6.978576,-1.79,53.61,38.13,6.31,45.61,1.47,0.016816,1.105548,0,,0,0.1400,0.0280,0.1218,0.0000,0.0000,0.0000,0.0000
4.1002,-0.487469,2.800659,-0.284365,0.00,0.00,0.00,-3.309299,27.885200,-7.414125,-1.18,54.47,38.76,7.33,45.75,0.37,0.016527,1.122075,0,,0,0.1173,0.0253,0.1032,0.0000,0.0000,0.0000,0.0000
4.1341,-0.485030,2.806215,-0.286647,0.00,0.00,0.00,-2.841680,28.829540,-7.652368,-1.01,54.87,39.04,7.70,45.68,-0.07,0.006482,1.128557,0,,0,0.1062,0.0257,0.0951,0.0000,0.0000,0.0000,0.0000
4.1678,-0.481668,2.817253,-0.292943,0.00,0.00,0.00,-2.104039,30.728660,-8.457933,-0.75,55.76,39.53,8.21,45.68,-0.80,0.013145,1.141702,0,,0,0.0855,0.0282,0.0808,0.0000,0.0000,0.0000,0.0000
4.2048,-0.480702,2.826391,-0.299031,0.00,0.00,0.00,-1.765665,32.314500,-9.321549,-0.64,56.55,39.90,8.65,45.68,-1.39,0.011023,1.152725,0,,0,0.0593,0.0348,0.0700,0.0000,0.0000,0.0000,0.0000
4.2369,-0.481259,2.829696,-0.302312,0.00,0.00,0.00,-1.759940,32.901820,-9.837247,-0.64,56.90,39.99,8.72,45.68,-1.61,0.004690,1.157415,0,,0,0.0471,0.0380,0.0653,0.0000,0.0000,0.0000,0.0000
4.2690,-0.482603,2.834489,-0.310258,0.00,0.00,0.00,-1.745670,33.790550,-11.122490,-0.64,57.58,40.02,8.72,45.75,-1.97,0.009376,1.166791,0,,0,0.0261,0.0457,0.0568,0.0000,0.0000,0.0000,0.0000
4.3002,-0.483716,2.838419,-0.316833,0.00,0.00,0.00,-1.733856,34.520180,-12.186550,-0.64,58.14,40.04,8.72,45.68,-2.12,0.007741,1.174532,0,,0,0.0091,0.0520,0.0495,0.0000,0.0000,0.0000,0.0000
4.3354,-0.484294,2.840247,-0.320250,0.00,0.00,0.00,-1.727690,34.863450,-12.741920,-0.64,58.42,40.04,8.65,45.68,-2.19,0.003918,1.178450,0,,0,0.0017,0.0547,0.0463,0.0000,0.0000,0.0000,0.0000
4.3673,-0.486014,2.844069,-0.328139,0.00,0.00,0.00,-1.776738,35.590880,-14.039930,-0.66,59.05,40.02,8.65,45.68,-2.34,0.008933,1.187382,0,,0,-0.0108,0.0592,0.0405,0.0000,0.0000,0.0000,0.0000
4.4040,-0.487411,2.847950,-0.336423,0.00,0.00,0.00,-1.761164,36.331910,-15.392530,-0.66,59.71,39.99,8.65,45.75,-2.41,0.009254,1.196636,0,,0,-0.0210,0.0628,0.0355,0.0000,0.0000,0.0000,0.0000
4.4352,-0.488044,2.849824,-0.340177,0.00,0.00,0.00,-1.754122,36.687070,-16.004190,-0.66,60.01,39.99,8.65,45.75,-2.56,0.004244,1.200880,0,,0,-0.0193,0.0578,0.0327,0.0000,0.0000,0.0000,0.0000
4.4687,-0.489463,2.853935,-0.348586,0.00,0.00,0.00,-1.738333,37.467630,-17.375400,-0.66,60.69,39.99,8.58,45.75,-2.63,0.009467,1.210348,0,,0,-0.0163,0.0489,0.0276,0.0000,0.0000,0.0000,0.0000
4.5018,-0.490544,2.856985,-0.354998,0.00,0.00,0.00,-1.726286,38.048930,-18.421730,-0.66,61.20,39.99,8.65,45.75,-2.70,0.007182,1.217530,0,,0,-0.0138,0.0414,0.0234,0.0000,0.0000,0.0000,0.0000
4.5337,-0.491351,2.858218,-0.359788,0.00,0.00,0.00,-1.717149,38.309250,-19.215220,-0.66,61.53,39.92,8.65,45.68,-2.70,0.005011,1.222541,0,,0,-0.0127,0.0381,0.0215,0.0000,0.0000,0.0000,0.0000
4.5668,-0.492712,2.859594,-0.367868,0.00,0.00,0.00,-1.701642,38.631420,-20.562010,-0.66,62.05,39.76,8.72,45.75,-2.85,0.008309,1.230850,0,,0,-0.0108,0.0322,0.0182,0.0000,0.0000,0.0000,0.0000
4.6027,-0.494896,2.859888,-0.376498,0.00,0.00,0.00,-1.805025,38.781460,-22.035270,-0.71,62.54,39.50,8.58,45.83,-2.78,0.008907,1.239757,0,,0,-0.0091,0.0273,0.0154,0.0000,0.0000,0.0000,0.0000
4.6354,-0.495487,2.859807,-0.380030,0.00,0.00,0.00,-1.797669,38.808950,-22.631590,-0.71,62.72,39.39,8.50,45.83,-2.85,0.003582,1.243339,0,,0,-0.0084,0.0251,0.0142,0.0000,0.0000,0.0000,0.0000
4.6695,-0.495865,2.859756,-0.384454,0.00,0.00,0.00,-1.728969,38.850740,-23.367160,-0.68,62.96,39.25,8.43,45.75,-2.85,0.004440,1.247779,0,,0,-0.0071,0.0212,0.0120,0.0000,0.0000,0.0000,0.0000
4.7031,-0.496905,2.859187,-0.390657,0.00,0.00,0.00,-1.716420,38.827740,-24.419450,-0.68,63.26,39.01,8.28,45.75,-2.85,0.006316,1.254094,0,,0,-0.0060,0.0180,0.0102,0.0000,0.0000,0.0000,0.0000
4.7334,-0.497531,2.858518,-0.394385,0.00,0.00,0.00,-1.708833,38.759600,-25.055680,-0.68,63.43,38.85,8.28,45.83,-2.92,0.003839,1.257934,1,Aorta,0,-0.0055,0.0165,0.0094,0.0000,0.0000,0.0000,0.0000
4.7681,-0.498525,2.858539,-0.398185,0.00,0.00,0.00,-1.759735,38.807660,-25.706460,-0.71,63.64,38.73,8.21,45.75,-2.92,0.003927,1.261861,0,,0,-0.0047,0.0140,0.0079,0.0000,0.0000,0.0000,0.0000
4.8013,-0.498875,2.859408,-0.400269,0.00,0.00,0.00,-1.755523,38.976300,-26.047940,-0.71,63.80,38.73,8.14,45.83,-2.92,0.002285,1.264146,0,,0,-0.0040,0.0119,0.0067,0.0000,0.0000,0.0000,0.0000
4.8343,-0.498885,2.859753,-0.400331,0.00,0.00,0.00,-1.755443,39.034320,-26.054380,-0.71,63.82,38.76,8.06,45.75,-3.00,0.000350,1.264496,0,,0,-0.0036,0.0109,0.0062,0.0000,0.0000,0.0000,0.0000
4.8687,-0.498482,2.861622,-0.397908,0.00,0.00,0.00,-1.760743,39.317160,-25.624790,-0.71,63.80,38.97,7.92,45.75,-3.00,0.003086,1.267583,0,,0,-0.0031,0.0092,0.0052,0.0000,0.0000,0.0000,0.0000
4.9116,-0.498374,2.861765,-0.395121,0.00,0.00,0.00,-1.825315,39.309490,-25.163930,-0.73,63.66,39.06,7.70,45.75,-3.14,0.002793,1.270375,0,,0,-0.0026,0.0078,0.0044,0.0000,0.0000,0.0000,0.0000
4.9341,-0.499271,2.861390,-0.394055,0.00,0.00,0.00,-2.003992,39.236970,-25.020070,-0.80,63.59,39.06,7.62,45.75,-3.22,0.001444,1.271819,0,,0,-0.0024,0.0072,0.0041,0.0000,0.0000,0.0000,0.0000
4.9686,-0.500781,2.859879,-0.390142,0.00,0.00,0.00,-2.367215,38.945110,-24.441470,-0.94,63.31,39.06,7.62,45.83,-3.36,0.004458,1.276277,0,,0,-0.0020,0.0061,0.0034,0.0000,0.0000,0.0000,0.0000
5.0031,-0.501082,2.858541,-0.385345,0.00,0.00,0.00,-2.558245,38.669510,-23.680670,-1.01,62.98,39.11,7.70,45.75,-3.58,0.004989,1.281266,0,,0,-0.0017,0.0051,0.0029,0.0000,0.0000,0.0000,0.0000
5.0357,-0.501910,2.858249,-0.383754,0.00,0.00,0.00,-2.741169,38.604770,-23.448020,-1.08,62.89,39.13,7.70,45.75,-3.51,0.001818,1.283083,0,,0,-0.0016,0.0047,0.0027,0.0000,0.0000,0.0000,0.0000
5.0683,-0.503121,2.857047,-0.379980,0.00,0.00,0.00,-3.051124,38.365100,-22.879810,-1.20,62.63,39.15,7.77,45.83,-3.58,0.004141,1.287225,0,,0,0.0000,0.0000,0.0000,0.0000,0.0000,0.0000,0.0000
5.1002,-0.502688,2.855175,-0.374963,0.00,0.00,0.00,-3.128343,37.996670,-22.067330,-1.23,62.26,39.18,7.62,45.75,-3.66,0.005373,1.292597,0,,0,0.0000,0.0000,0.0000,0.0000,0.0000,0.0000,0.0000
5.1344,-0.502764,2.854381,-0.373138,0.00,0.00,0.00,-3.194786,37.844350,-21.779950,-1.25,62.12,39.18,7.55,45.83,-3.58,0.001992,1.294589,0,,0,0.0000,0.0000,0.0000,0.0000,0.0000,0.0000,0.0000
5.1674,-0.504403,2.852911,-0.369563,0.00,0.00,0.00,-3.569211,37.563240,-21.260040,-1.39,61.86,39.18,7.55,45.83,-3.58,0.004198,1.298787,0,,0,0.0000,0.0000,0.0000,0.0000,0.0000,0.0000,0.0000
5.2006,-0.505157,2.850885,-0.364935,0.00,0.00,0.00,-3.829750,37.176110,-20.547860,-1.48,61.51,39.18,7.48,45.83,-3.66,0.005109,1.303896,0,,0,-0.0107,-0.0008,0.0033,0.0000,0.0000,0.0000,0.0000
5.2337,-0.505653,2.850204,-0.363358,0.00,0.00,0.00,-3.957687,37.046090,-20.312180,-1.53,61.39,39.18,7.48,45.83,-3.66,0.001788,1.305684,0,,0,-0.0297,-0.0052,0.0069,0.0000,0.0000,0.0000,0.0000
5.2701,-0.509640,2.849100,-0.360362,0.00,0.00,0.00,-4.700198,36.837040,-19.951900,-1.81,61.20,39.18,7.48,45.75,-3.51,0.005108,1.310792,0,,0,-0.0787,-0.0128,0.0161,0.0000,0.0000,0.0000,0.0000
5.3013,-0.516001,2.848532,-0.358250,0.00,0.00,0.00,-5.805885,36.732040,-19.800260,-2.24,61.11,39.18,7.33,45.83,-3.36,0.006726,1.317518,0,,0,-0.1267,-0.0186,0.0250,0.0000,0.0000,0.0000,0.0000
5.3346,-0.519554,2.848245,-0.357162,0.00,0.00,0.00,-6.420781,36.679430,-19.730220,-2.47,61.06,39.18,7.18,45.75,-3.36,0.003727,1.321244,0,,0,-0.1619,-0.0161,0.0311,0.0000,0.0000,0.0000,0.0000
5.3670,-0.531164,2.848065,-0.355364,0.00,0.00,0.00,-8.378443,36.653100,-19.780030,-3.23,61.04,39.18,6.89,45.83,-3.14,0.011751,1.332995,0,,0,-0.2237,-0.0119,0.0418,0.0000,0.0000,0.0000,0.0000
5.4006,-0.543199,2.848011,-0.353971,0.00,0.00,0.00,-10.393640,36.653100,-19.907400,-4.01,61.04,39.18,6.74,45.75,-3.07,0.012115,1.345110,0,,0,-0.1893,-0.0101,0.0354,0.0000,0.0000,0.0000,0.0000
5.4343,-0.549771,2.847977,-0.353280,0.00,0.00,0.00,-11.492050,36.653100,-19.988390,-4.43,61.04,39.18,6.53,45.83,-3.00,0.006608,1.351719,0,,0,-0.1742,-0.0093,0.0325,0.0000,0.0000,0.0000,0.0000
5.4691,-0.561833,2.847906,-0.352140,0.00,0.00,0.00,-13.504140,36.653100,-20.157990,-5.21,61.04,39.18,5.65,45.68,-3.00,0.012116,1.363834,0,,0,-0.1474,-0.0079,0.0275,0.0000,0.0000,0.0000,0.0000
5.5015,-0.572443,2.847835,-0.351273,0.00,0.00,0.00,-15.270290,36.653100,-20.329560,-5.89,61.04,39.18,4.84,45.75,-2.92,0.010646,1.374480,0,,0,-0.1248,-0.0067,0.0233,0.0000,0.0000,0.0000,0.0000
5.5344,-0.575715,2.847672,-0.350734,0.00,0.00,0.00,-15.823040,36.626740,-20.339750,-6.10,61.02,39.18,4.55,45.75,-3.00,0.003320,1.377800,0,,0,-0.1148,-0.0061,0.0214,0.0000,0.0000,0.0000,0.0000
5.5684,-0.580415,2.847222,-0.349519,0.00,0.00,0.00,-16.629940,36.547560,-20.284600,-6.41,60.95,39.18,4.03,45.83,-2.92,0.004876,1.382676,0,,0,-0.0972,-0.0052,0.0181,0.0000,0.0000,0.0000,0.0000
5.6003,-0.582556,2.846787,-0.348491,0.00,0.00,0.00,-17.011470,36.468210,-20.184370,-6.55,60.88,39.18,4.03,45.75,-2.92,0.002414,1.385090,0,,0,-0.0822,-0.0044,0.0154,0.0000,0.0000,0.0000,0.0000
5.6360,-0.582864,2.846367,-0.347584,0.00,0.00,0.00,-17.088710,36.388680,-20.049760,-6.57,60.81,39.18,3.96,45.75,-3.00,0.001046,1.386136,0,,0,-0.0757,-0.0040,0.0141,0.0000,0.0000,0.0000,0.0000
5.6682,-0.582837,2.845865,-0.347233,0.00,0.00,0.00,-17.094760,36.301240,-19.997270,-6.57,60.76,39.15,3.38,45.75,-3.00,0.000613,1.386749,0,,0,-0.0640,-0.0034,0.0120,0.0000,0.0000,0.0000,0.0000
5.7008,-0.582450,2.845728,-0.346962,0.00,0.00,0.00,-17.039170,36.274650,-19.943090,-6.55,60.74,39.15,3.01,45.75,-3.00,0.000492,1.387242,0,,0,-0.0542,-0.0029,0.0101,0.0000,0.0000,0.0000,0.0000
5.7340,-0.582116,2.845648,-0.347518,0.00,0.00,0.00,-16.967960,36.266940,-20.025130,-6.53,60.76,39.13,2.94,45.83,-3.00,0.000654,1.387895,0,,0,-0.0499,-0.0027,0.0093,0.0000,0.0000,0.0000,0.0000
5.7686,-0.579662,2.846143,-0.349398,0.00,0.00,0.00,-16.509960,36.365310,-20.254860,-6.36,60.88,39.11,2.64,45.75,-3.00,0.003130,1.391026,0,,0,-0.0422,-0.0023,0.0079,0.0000,0.0000,0.0000,0.0000
5.8022,-0.577256,2.846551,-0.351819,0.00,0.00,0.00,-16.043710,36.455330,-20.575530,-6.20,61.02,39.06,2.86,45.83,-2.92,0.003438,1.394464,0,,0,-0.0357,-0.0019,0.0067,0.0000,0.0000,0.0000,0.0000
5.8348,-0.575903,2.847252,-0.353398,0.00,0.00,0.00,-15.775320,36.586910,-20.786110,-6.10,61.13,39.06,3.01,45.75,-3.00,0.002194,1.396658,0,,0,-0.0329,-0.0018,0.0061,0.0000,0.0000,0.0000,0.0000
5.8678,-0.573168,2.848372,-0.355976,0.00,0.00,0.00,-15.250500,36.796420,-21.114530,-5.91,61.32,39.06,3.08,45.83,-3.00,0.003921,1.400579,0,,0,-0.0278,-0.0015,0.0052,0.0000,0.0000,0.0000,0.0000
5.9000,-0.570131,2.848462,-0.359251,0.00,0.00,0.00,-14.655510,36.841900,-21.559900,-5.70,61.48,38.97,3.01,45.83,-3.00,0.004468,1.405047,0,,0,-0.0235,-0.0013,0.0044,0.0000,0.0000,0.0000,0.0000
5.9341,-0.569574,2.848124,-0.361446,0.00,0.00,0.00,-14.499270,36.809100,-21.906570,-5.65,61.58,38.87,3.01,45.75,-2.92,0.002290,1.407337,0,,0,-0.0217,-0.0012,0.0040,0.0000,0.0000,0.0000,0.0000
5.9682,-0.568880,2.847712,-0.366408,0.00,0.00,0.00,-14.239020,36.794820,-22.702840,-5.58,61.81,38.69,2.72,45.90,-3.00,0.005027,1.412364,0,,0,-0.0183,-0.0010,0.0034,0.0000,0.0000,0.0000,0.0000
6.0018,-0.568062,2.847201,-0.369714,0.00,0.00,0.00,-14.007210,36.745200,-23.225550,-5.51,61.95,38.55,2.57,45.75,-3.00,0.003444,1.415808,0,,0,-0.0181,-0.0005,0.0033,0.0000,0.0000,0.0000,0.0000
6.0340,-0.568200,2.847294,-0.371381,0.00,0.00,0.00,-13.980580,36.779700,-23.501460,-5.51,62.05,38.50,2.50,45.75,-3.00,0.001676,1.417484,0,,0,-0.0202,-0.0002,0.0037,0.0000,0.0000,0.0000,0.0000
6.0669,-0.568302,2.847826,-0.372570,0.00,0.00,0.00,-13.962100,36.881560,-23.692900,-5.51,62.14,38.50,2.35,45.83,-3.00,0.001306,1.418790,0,,0,-0.0236,0.0004,0.0043,0.0000,0.0000,0.0000,0.0000
6.1012,-0.568378,2.848223,-0.373462,0.00,0.00,0.00,-13.948230,36.957760,-23.836590,-5.51,62.21,38.50,2.35,45.75,-3.00,0.000979,1.419769,0,,0,-0.0264,0.0009,0.0047,0.0000,0.0000,0.0000,0.0000
6.1333,-0.568378,2.848223,-0.373462,0.00,0.00,0.00,-13.948230,36.957760,-23.836590,-5.51,62.21,38.50,2.28,45.75,-3.00,0.000000,1.419769,0,,0,-0.0300,0.0011,0.0054,0.0000,0.0000,0.0000,0.0000
6.1674,-0.568403,2.848355,-0.373759,0.00,0.00,0.00,-13.943610,36.983110,-23.884510,-5.51,62.23,38.50,2.20,45.83,-2.92,0.000327,1.420095,0,,0,-0.0447,0.0015,0.0080,0.0000,0.0000,0.0000,0.0000
6.2001,-0.568454,2.848619,-0.374354,0.00,0.00,0.00,-13.934350,37.033770,-23.980370,-5.51,62.28,38.50,2.20,45.83,-2.92,0.000653,1.420748,0,,0,-0.0603,0.0018,0.0108,0.0000,0.0000,0.0000,0.0000
6.2334,-0.568585,2.848355,-0.375968,0.00,0.00,0.00,-13.908200,37.008210,-24.251300,-5.51,62.35,38.43,2.20,45.75,-3.00,0.001640,1.422388,0,,0,-0.0670,0.0019,0.0120,0.0000,0.0000,0.0000,0.0000
6.2695,-0.569064,2.846120,-0.381966,0.00,0.00,0.00,-13.809640,36.704930,-25.272500,-5.51,62.54,38.08,2.28,45.75,-3.00,0.006419,1.428808,0,,0,-0.0784,0.0021,0.0140,0.0000,0.0000,0.0000,0.0000
6.3013,-0.569494,2.843641,-0.387391,0.00,0.00,0.00,-13.720010,36.354400,-26.201170,-5.51,62.68,37.73,2.50,45.83,-2.92,0.005980,1.434787,0,,0,-0.0914,0.0023,0.0163,0.0000,0.0000,0.0000,0.0000
6.3354,-0.569557,2.843338,-0.388176,0.00,0.00,0.00,-13.707100,36.312890,-26.334870,-5.51,62.70,37.68,2.50,45.75,-2.92,0.000844,1.435631,0,,0,-0.0994,0.0023,0.0177,0.0000,0.0000,0.0000,0.0000
6.3673,-0.569531,2.843208,-0.387877,0.00,0.00,0.00,-13.711750,36.287930,-26.286750,-5.51,62.68,37.68,2.50,45.68,-3.00,0.000327,1.435958,0,,0,-0.1130,0.0025,0.0202,0.0000,0.0000,0.0000,0.0000
6.4013,-0.569831,2.842946,-0.387252,0.00,0.00,0.00,-13.779490,36.237940,-26.196190,-5.54,62.63,37.68,2.42,45.75,-3.00,0.000742,1.436699,0,,0,-0.1241,0.0026,0.0222,0.0000,0.0000,0.0000,0.0000
6.4335,-0.570201,2.842727,-0.387466,0.00,0.00,0.00,-13.833770,36.204730,-26.244680,-5.56,62.63,37.66,2.35,45.83,-3.00,0.000480,1.437179,0,,0,-0.1288,0.0026,0.0230,0.0000,0.0000,0.0000,0.0000
6.4685,-0.572414,2.841417,-0.388759,0.00,0.00,0.00,-14.158660,36.005860,-26.536310,-5.70,62.63,37.52,2.57,45.75,-3.00,0.002878,1.440058,0,,0,-0.1090,0.0022,0.0195,0.0000,0.0000,0.0000,0.0000
6.5018,-0.573197,2.839990,-0.389869,0.00,0.00,0.00,-14.254200,35.782590,-26.757460,-5.75,62.61,37.38,2.64,45.75,-3.00,0.001971,1.442029,0,,0,-0.0923,0.0019,0.0165,0.0000,0.0000,0.0000,0.0000
6.5344,-0.573225,2.839215,-0.390305,0.00,0.00,0.00,-14.246060,35.658660,-26.838350,-5.75,62.58,37.31,2.72,45.75,-3.00,0.000889,1.442918,0,,0,-0.0849,0.0017,0.0152,0.0000,0.0000,0.0000,0.0000
6.5682,-0.573402,2.837072,-0.392756,0.00,0.00,0.00,-14.202700,35.330190,-27.269040,-5.75,62.58,37.08,2.79,45.83,-2.92,0.003261,1.446179,0,,0,-0.0719,0.0014,0.0128,0.0000,0.0000,0.0000,0.0000
6.6022,-0.573562,2.835152,-0.394969,0.00,0.00,0.00,-14.163560,35.036080,-27.657790,-5.75,62.58,36.87,2.57,45.83,-3.00,0.002934,1.449113,0,,0,-0.0608,0.0012,0.0109,0.0000,0.0000,0.0000,0.0000
6.6334,-0.573615,2.834514,-0.395708,0.00,0.00,0.00,-14.150490,34.938360,-27.787620,-5.75,62.58,36.80,2.50,45.83,-3.00,0.000978,1.450091,0,,0,-0.0560,0.0011,0.0100,0.0000,0.0000,0.0000,0.0000
6.6674,-0.573615,2.834514,-0.395708,0.00,0.00,0.00,-14.150490,34.938360,-27.787620,-5.75,62.58,36.80,2.50,45.75,-3.00,0.000000,1.450091,0,,0,-0.0474,0.0010,0.0085,0.0000,0.0000,0.0000,0.0000
6.7003,-0.574286,2.834378,-0.395356,0.00,0.00,0.00,-14.270960,34.913290,-27.751260,-5.80,62.56,36.80,2.35,45.83,-3.00,0.000770,1.450861,0,,0,-0.0401,0.0008,0.0072,0.0000,0.0000,0.0000,0.0000
6.7359,-0.574933,2.834113,-0.394706,0.00,0.00,0.00,-14.396420,34.863110,-27.666980,-5.84,62.51,36.80,2.35,45.75,-3.00,0.000955,1.451816,0,,0,-0.0369,0.0007,0.0066,0.0000,0.0000,0.0000,0.0000
6.7674,-0.577369,2.834095,-0.394523,0.00,0.00,0.00,-14.801300,34.863110,-27.709000,-6.01,62.51,36.80,2.79,45.83,-2.92,0.002442,1.454258,0,,0,-0.0312,0.0006,0.0056,0.0000,0.0000,0.0000,0.0000
6.8031,-0.579789,2.834290,-0.394100,0.00,0.00,0.00,-15.210730,34.895660,-27.708940,-6.17,62.51,36.82,2.86,45.83,-2.92,0.002465,1.456723,0,,0,-0.0264,0.0005,0.0047,0.0000,0.0000,0.0000,0.0000
6.8349,-0.580121,2.834500,-0.393829,0.00,0.00,0.00,-15.273260,34.928230,-27.671960,-6.20,62.51,36.84,2.64,45.83,-3.00,0.000477,1.457200,0,,0,-0.0243,0.0005,0.0043,0.0000,0.0000,0.0000,0.0000
6.8684,-0.581166,2.834492,-0.393756,0.00,0.00,0.00,-15.446790,34.928230,-27.690910,-6.27,62.51,36.84,2.28,45.83,-3.00,0.001048,1.458248,0,,0,-0.0206,0.0004,0.0037,0.0000,0.0000,0.0000,0.0000
6.9006,-0.581515,2.834489,-0.393732,0.00,0.00,0.00,-15.504620,34.928230,-27.697280,-6.29,62.51,36.84,2.28,45.75,-3.00,0.000349,1.458597,0,,0,-0.0174,0.0004,0.0031,0.0000,0.0000,0.0000,0.0000
6.9353,-0.581499,2.834702,-0.393485,0.00,0.00,0.00,-15.509390,34.960830,-27.654060,-6.29,62.51,36.87,2.13,45.75,-3.00,0.000326,1.458923,0,,0,-0.0160,0.0003,0.0029,0.0000,0.0000,0.0000,0.0000
6.9681,-0.581833,2.834912,-0.393215,0.00,0.00,0.00,-15.572020,34.993430,-27.617240,-6.31,62.51,36.89,1.76,45.83,-3.00,0.000478,1.459401,0,,0,-0.0136,0.0003,0.0024,0.0000,0.0000,0.0000,0.0000
7.0007,-0.584272,2.834893,-0.393052,0.00,0.00,0.00,-15.977040,34.993430,-27.662650,-6.48,62.51,36.89,1.76,45.83,-3.00,0.002445,1.461846,0,,0,-0.0115,0.0002,0.0021,0.0000,0.0000,0.0000,0.0000
7.0342,-0.586015,2.834879,-0.392940,0.00,0.00,0.00,-16.266260,34.993430,-27.695800,-6.60,62.51,36.89,1.69,45.75,-3.00,0.001747,1.463592,0,,0,-0.0106,0.0002,0.0019,0.0000,0.0000,0.0000,0.0000
7.0685,-0.588107,2.834863,-0.392810,0.00,0.00,0.00,-16.613230,34.993430,-27.736350,-6.74,62.51,36.89,1.40,45.83,-3.00,0.002096,1.465688,0,,0,-0.0089,0.0002,0.0016,0.0000,0.0000,0.0000,0.0000
7.1026,-0.588172,2.834698,-0.393900,0.00,0.00,0.00,-16.591700,34.978420,-27.918590,-6.74,62.56,36.84,1.03,45.83,-3.00,0.001105,1.466793,0,,0,-0.0076,0.0002,0.0014,0.0000,0.0000,0.0000,0.0000
7.1357,-0.587851,2.834275,-0.394415,0.00,0.00,0.00,-16.523780,34.913290,-27.998180,-6.71,62.56,36.80,0.89,45.83,-2.92,0.000740,1.467533,0,,0,-0.0070,0.0001,0.0012,0.0000,0.0000,0.0000,0.0000
7.1680,-0.587008,2.833791,-0.397755,0.00,0.00,0.00,-16.286850,34.868420,-28.525440,-6.64,62.70,36.66,0.74,45.75,-3.00,0.003479,1.471012,0,,0,-0.0059,0.0001,0.0011,0.0000,0.0000,0.0000,0.0000
7.2000,-0.587448,2.833947,-0.404775,0.00,0.00,0.00,-16.151740,34.973930,-29.685360,-6.64,63.07,36.45,0.67,45.83,-3.00,0.007035,1.478047,0,,0,-0.0050,0.0001,0.0009,0.0000,0.0000,0.0000,0.0000
7.2359,-0.587697,2.833153,-0.408862,0.00,0.00,0.00,-16.071920,34.888250,-30.370670,-6.64,63.24,36.26,0.67,45.83,-3.00,0.004171,1.482218,0,,0,0.0000,0.0000,0.0000,0.0000,0.0000,0.0000,0.0000
7.2689,-0.586819,2.830242,-0.416946,0.00,0.00,0.00,-15.689220,34.493100,-31.700770,-6.55,63.47,35.79,0.59,45.83,-2.92,0.008636,1.490855,0,,0,0.0000,0.0000,0.0000,0.0000,0.0000,0.0000,0.0000
7.3026,-0.586040,2.826001,-0.426282,0.00,0.00,0.00,-15.285800,33.890840,-33.253960,-6.46,63.68,35.18,0.52,45.75,-3.00,0.010284,1.501139,0,,0,0.0000,0.0000,0.0000,0.0000,0.0000,0.0000,0.0000
7.3340,-0.586335,2.823630,-0.431032,0.00,0.00,0.00,-15.193820,33.550600,-34.066930,-6.46,63.78,34.86,0.52,45.83,-3.00,0.005317,1.506455,0,,0,0.0000,0.0000,0.0000,0.0000,0.0000,0.0000,0.0000
7.3683,-0.585406,2.819222,-0.437582,0.00,0.00,0.00,-14.848120,32.889170,-35.161700,-6.36,63.82,34.32,0.59,45.75,-3.00,0.007949,1.514405,0,,0,0.0000,0.0000,0.0000,0.0000,0.0000,0.0000,0.0000
7.4013,-0.584610,2.817990,-0.440601,0.00,0.00,0.00,-14.628370,32.716580,-35.646390,-6.29,63.89,34.13,0.59,45.83,-3.00,0.003357,1.517762,0,,0,0.0000,0.0000,0.0000,0.0000,0.0000,0.0000,0.0000
7.4343,-0.584347,2.818363,-0.441528,0.00,0.00,0.00,-14.557790,32.788320,-35.786130,-6.27,63.96,34.13,0.52,45.75,-3.00,0.001033,1.518795,0,,0,0.0000,0.0000,0.0000,0.0000,0.0000,0.0000,0.0000
7.4670,-0.583473,2.818984,-0.443106,0.00,0.00,0.00,-14.367850,32.907490,-36.011410,-6.20,64.08,34.13,0.45,45.83,-3.00,0.001907,1.520702,0,,0,0.0000,0.0000,0.0000,0.0000,0.0000,0.0000,0.0000
7.5004,-0.583628,2.819838,-0.445220,0.00,0.00,0.00,-14.330850,33.073490,-36.352200,-6.20,64.24,34.13,0.52,45.83,-2.92,0.002285,1.522988,0,,0,0.0000,0.0000,0.0000,0.0000,0.0000,0.0000,0.0000
7.5349,-0.583761,2.820565,-0.447034,0.00,0.00,0.00,-14.299100,33.214990,-36.644680,-6.20,64.38,34.13,0.74,45.83,-2.92,0.001959,1.524946,0,,0,0.0000,0.0000,0.0000,0.0000,0.0000,0.0000,0.0000
7.5669,-0.584117,2.822482,-0.451879,0.00,0.00,0.00,-14.214240,33.588810,-37.426310,-6.20,64.76,34.13,1.18,45.83,-3.00,0.005223,1.530170,0,,0,0.0000,0.0000,0.0000,0.0000,0.0000,0.0000,0.0000
7.6034,-0.584696,2.825530,-0.459780,0.00,0.00,0.00,-14.075790,34.185300,-38.701580,-6.20,65.37,34.13,1.32,45.83,-3.00,0.008488,1.538658,0,,0,0.0000,0.0000,0.0000,0.0000,0.0000,0.0000,0.0000
7.6360,-0.585327,2.827133,-0.464025,0.00,0.00,0.00,-14.053980,34.500830,-39.396610,-6.22,65.69,34.13,1.47,45.83,-3.00,0.004582,1.543239,0,,0,0.0000,0.0000,0.0000,0.0000,0.0000,0.0000,0.0000
7.6683,-0.587043,2.828462,-0.474832,0.00,0.00,0.00,-14.016120,34.846330,-41.200510,-6.29,66.35,33.92,1.32,45.75,-3.00,0.011022,1.554262,0,,0,0.0000,0.0000,0.0000,0.0000,0.0000,0.0000,0.0000
7.7007,-0.587795,2.827170,-0.485918,0.00,0.00,0.00,-13.812080,34.757370,-43.051480,-6.29,66.84,33.50,0.81,45.75,-2.92,0.011186,1.565448,0,,0,0.0000,0.0000,0.0000,0.0000,0.0000,0.0000,0.0000
7.7356,-0.588079,2.826340,-0.490141,0.00,0.00,0.00,-13.733930,34.667320,-43.760440,-6.29,67.00,33.32,0.67,45.75,-3.07,0.004314,1.569761,0,,0,0.0071,0.0064,-0.0017,0.0000,0.0000,0.0000,0.0000
7.7682,-0.588533,2.824954,-0.496904,0.00,0.00,0.00,-13.608710,34.513480,-44.896350,-6.29,67.26,33.01,0.37,45.83,-2.92,0.006919,1.576680,0,,0,0.0152,0.0195,-0.0041,0.0000,0.0000,0.0000,0.0000
7.8000,-0.588868,2.824634,-0.501811,0.00,0.00,0.00,-13.518700,34.516010,-45.712890,-6.29,67.49,32.85,0.15,45.83,-3.00,0.004929,1.581609,0,,0,0.0222,0.0323,-0.0062,0.0000,0.0000,0.0000,0.0000
7.8338,-0.588978,2.824063,-0.503472,0.00,0.00,0.00,-13.487670,34.439870,-45.994430,-6.29,67.54,32.76,0.01,45.75,-2.92,0.001760,1.583368,0,,0,0.0252,0.0380,-0.0072,0.0000,0.0000,0.0000,0.0000
7.8688,-0.589214,2.823815,-0.506940,0.00,0.00,0.00,-13.424030,34.438110,-46.571760,-6.29,67.70,32.64,-0.29,45.68,-3.00,0.003485,1.586854,0,,0,0.0319,0.0563,-0.0097,0.0000,0.0000,0.0000,0.0000
7.9011,-0.589550,2.823483,-0.511864,0.00,0.00,0.00,-13.333690,34.438820,-47.391230,-6.29,67.94,32.48,-0.51,45.75,-3.00,0.004947,1.591800,0,,0,0.0389,0.0780,-0.0124,0.0000,0.0000,0.0000,0.0000
7.9334,-0.589688,2.823310,-0.513889,0.00,0.00,0.00,-13.296510,34.432960,-47.728530,-6.29,68.03,32.41,-0.58,45.75,-3.00,0.002036,1.593836,0,,0,0.0419,0.0873,-0.0136,0.0000,0.0000,0.0000,0.0000
7.9669,-0.589848,2.824309,-0.516104,0.00,0.00,0.00,-13.257280,34.624280,-48.084450,-6.29,68.22,32.43,-0.65,45.75,-2.92,0.002436,1.596272,0,,0,0.0470,0.1031,-0.0156,0.0000,0.0000,0.0000,0.0000
8.0021,-0.589826,2.825283,-0.515676,0.00,0.00,0.00,-13.266290,34.781330,-48.002640,-6.29,68.26,32.52,-0.73,45.68,-2.92,0.001064,1.597336,0,,0,0.0512,0.1159,-0.0173,0.0000,0.0000,0.0000,0.0000
8.0357,-0.589760,2.826058,-0.514630,0.00,0.00,0.00,-13.286360,34.898330,-47.820580,-6.29,68.26,32.62,-0.87,45.75,-2.85,0.001304,1.598640,0,,0,0.0529,0.1214,-0.0180,0.0000,0.0000,0.0000,0.0000
8.0685,-0.589551,2.827803,-0.511398,0.00,0.00,0.00,-13.347520,35.151810,-47.265770,-6.29,68.22,32.85,-1.09,45.68,-2.92,0.003678,1.602318,0,,0,0.0501,0.1162,-0.0171,0.0000,0.0000,0.0000,0.0000
8.0985,-0.589474,2.827992,-0.510257,0.00,0.00,0.00,-13.389660,35.188930,-46.883550,-6.29,68.12,32.94,-1.24,45.68,-2.92,0.001159,1.603477,0,,1,0.0000,0.0000,0.0000,0.0000,0.0000,0.0000,0.0000
